,ORIGIN,DESTINATION,DURATION,ROUTE,SAMPLE_ID,LVTIME,ARRTIME,BEF_SRT_TIME,BEF_SRT_DEST_TIME,RET_SRT_TIME,RET_SRT_DEST_TIME,LONG_O,LAT_O,LONG_D,LAT_D,SWITCH,BFE_DAY,BORO
0,NOSTRAND AV / GRAVESEND NECK RD,SURF AV / W 37 ST,45.0,B36,51628,1749,1831,1640.0,1733.0,1847.0,1932.0,-73.94187,40.59997,-74.00248,40.57343,0,WKD,B
1,FLATBUSH AV / AV U,QUENTIN RD / E 16 ST,21.0,B2,51629,702,725,620.0,636.0,740.0,801.0,-73.92182,40.60952800000001,-73.95713,40.60843300000001,0,WKD,B
2,FT WASHINGTON AV / CABRINI BL,LEXINGTON AV / E 68 ST,38.0,M98,51630,801,904,650.0,728.0,935.0,1013.0,-73.93428,40.859207,-73.96426,40.767742,0,WKD,M
3,108 ST / QUEENS BL,JEWEL AV / 164 ST,17.0,Q64,51631,925,944,849.0,907.0,1000.0,1017.0,-73.84395,40.721783,-73.80530999999998,40.73182,0,WKD,Q
4,PITKIN AV / EUCLID AV,S CARGO RD / CARGO PLZ,42.0,Q7,51632,945,1026,840.0,915.0,1045.0,1127.0,-73.87178,40.675495,-73.79466,40.652985,0,WKD,Q
5,135 RD / 130 PL,UNION TPK / KEW GARDENS RD,34.0,Q37,51633,1235,1310,1130.0,1200.0,1345.0,1419.0,-73.80851,40.66767,-73.831375,40.713963,0,WKD,Q
6,QUENTIN RD / E 16 ST,GERRITSEN AV / GERRITSEN BCH,18.0,B31,51634,935,952,848.0,910.0,1008.0,1026.0,-73.95713,40.60843300000001,-73.91894,40.587135,0,WKD,B
7,ST GEORGE FERRY / S74 & S84,BRICKTOWN SHOPPING CEN / BRICKTOWN SHOPPING CEN,80.0,S74,51635,800,921,610.0,730.0,955.0,1115.0,-74.07358599999998,40.64341,-74.231064,40.52948,0,WKD,S
8,LEXINGTON AV / E 125 ST,SUNKEN GARDEN LOOP / Charles Gay CTR,10.0,M35,51636,1950,1959,1912.0,1922.0,2019.0,2029.0,-73.937416,40.80458,-73.93084,40.785095,0,WKD,M
9,E 206 ST / ROCHAMBEAU AV,ROPES AV / BOSTON RD,45.0,BX16,51637,1419,1507,1320.0,1404.0,1533.0,1618.0,-73.8808,40.874893,-73.81952,40.889843,0,WKD,BX
10,MARCUS GARVEY BLVD / BROADWAY,AV U / E 54 ST,45.0,B47,51638,2144,2237,2030.0,2125.0,2320.0,5.0,-73.94144,40.69957700000001,-73.92041,40.611008,0,WKD,B
11,L.I.J.MEDICAL RDWY / 271 ST,QUEENS BL / 78 CR,48.0,Q46,51639,1338,1419,1232.0,1317.0,1440.0,1528.0,-73.70640999999998,40.755062,-73.83123,40.714733,0,WKD,Q
12,SEDGWICK AV / HARLEM RIVER BRIDGE,E 170 ST / GRAND CONCOURSE,19.0,BX18,51640,2035,2046,1953.0,2017.0,2136.0,2155.0,-73.92066,40.85202,-73.91358000000002,40.838512,0,WKD,BX
13,JFK TERMINAL 5 / AIR TRAIN STATION,MARCUS GARVEY BL / BROADWAY,82.0,B15,51641,947,1114,742.0,912.0,1134.0,1256.0,-73.779884,40.647465,-73.94147,40.69975,0,WKD,B
14,27 AV / 2 ST,VERNON BL / BORDEN AV,24.0,Q103,47590,1450,1512,1350.0,1411.0,1550.0,1614.0,-73.93493000000002,40.775143,-73.95464,40.741528,0,WKD,Q
15,27 AV / 2 ST,VERNON BL / BORDEN AV,22.0,Q103,47593,1830,1850,1730.0,1754.0,1930.0,1952.0,-73.93493000000002,40.775143,-73.95464,40.741528,0,WKD,Q
16,48 ST / QUEENS BL,11 ST / 34 AV,21.0,Q104,47597,1030,1055,930.0,949.0,1130.0,1151.0,-73.91691,40.74332,-73.93765,40.764744,0,WKD,Q
17,WYCKOFF AV / DE KALB AV,GATEWAY CTR TERM / GATEWAY DR,65.0,B13,51642,1600,1721,1430.0,1540.0,1740.0,1845.0,-73.919365,40.704323,-73.876755,40.65282,0,WKD,B
18,DITMARS BL / 102 ST,UNION TPK / CRESCENT APARTMENTS,65.0,Q23,51643,1800,1900,1636.0,1745.0,1919.0,2024.0,-73.86848,40.76872,-73.85412600000002,40.70710800000001,0,WKD,Q
19,W 96 ST / WEST END AV,E 97 ST / 1 AV,17.0,M96,51644,2211,2225,2128.0,2145.0,2248.0,2305.0,-73.97269,40.794933,-73.94478000000002,40.784206,0,WKD,M
20,SPRINGFIELD BL / 119 AV,138 ST / 37 AV,49.0,Q27,51645,440,524,339.0,422.0,558.0,647.0,-73.745094,40.69274,-73.82954000000002,40.76175,0,WKD,Q
21,165 ST TERM / Q8 STAND,GATEWAY CTR TERMINAL / GATEWAY DR,53.0,Q8,51646,1844,1945,1720.0,1825.0,2020.0,2113.0,-73.79557,40.70715,-73.87623,40.652714,0,WKD,Q
22,SOUTH ST / WHITEHALL ST,E 126 ST / 2 AV,56.0,M15,51647,430,519,,,540.0,636.0,-74.01249,40.701534,-73.93226999999997,40.80315,0,WKD,M
23,MILL RD / DEWITT AV,ST GEORGE FERRY / ST GEORGE FERRY,46.0,S76,51648,555,640,,,710.0,756.0,-74.11717,40.55387,-74.07313,40.64357800000001,0,WKD,S
24,27 AV / 2 ST,39 AV / MAIN ST,40.0,Q19,51649,545,621,,,650.0,730.0,-73.93493000000002,40.775143,-73.8308,40.760258,0,WKD,Q
25,EASTERN PY / UTICA AV,POSTAL FACILITY RD / IN FRONT OF FACILITY,42.0,B14,51650,417,446,,,515.0,557.0,-73.93123,40.668537,-73.86268000000003,40.664593,0,WKD,B
26,6 AV / W 31 ST,W 178 ST / BROADWAY,76.0,M5,51651,705,818,,,848.0,1004.0,-73.98895999999998,40.74804,-73.937454,40.848263,0,WKD,M
27,SEAVIEW AV / PENNSYLVANIA AV,VAN SINDEREN AVFULTON / VAN SINDEREN AVFULTON,41.0,B83,51652,625,657,,,714.0,755.0,-73.87835,40.643017,-73.90358,40.67814,0,WKD,B
28,EBBITTS ST / HYLAN BL,RICHMOND TER / PARK AV #2,49.0,S57,51653,650,741,,,805.0,854.0,-74.1123,40.565525,-74.13110999999998,40.640198,0,WKD,S
29,MERRICK BL / JAMAICA AV,138 ST / 37 AV,48.0,Q17,51654,806,900,,,924.0,1012.0,-73.794,40.70589,-73.82954000000002,40.76175,0,WKD,Q
30,SUTPHIN BL / 94 AV,14 AVE / 111 ST,63.0,Q65,51656,647,749,,,805.0,908.0,-73.80708,40.69914,-73.85625,40.785725,0,WKD,Q
31,COLFAX ST / SPRINGFIELD BL,153 ST / HILLSIDE AV,36.0,Q83,51657,647,717,,,740.0,816.0,-73.74127,40.701763,-73.80417,40.706768,0,WKD,Q
32,TURNBULL AV / PUGSLEY AV,SOUTHERN BL / WESTCHESTER AV,41.0,BX5,51658,710,734,,,753.0,834.0,-73.855736,40.82306,-73.89191,40.824722,0,WKD,BX
33,ROPES AV / BOSTON RD,BAINBRIDGE AV / E 206 ST,47.0,BX16,51659,614,655,,,710.0,757.0,-73.81965,40.88997,-73.87955,40.87506,0,WKD,BX
34,FARMERS BL / GUY R BREWER BL,HILLSIDE AV / PARSONS BL,54.0,Q111,51660,532,600,,,726.0,820.0,-73.76827,40.66435,-73.80332,40.707504,0,WKD,Q
35,40 AV / LITTLE NECK PY,165 ST / 165 ST TERM,33.0,Q36,51661,1942,2032,,,2057.0,2130.0,-73.74141999999998,40.77313,-73.79524,40.707657,0,WKD,Q
36,FLATBUSH AV / AV U,QUENTIN RD / E 16 ST,16.0,B2,51662,455,512,,,540.0,556.0,-73.92182,40.60952800000001,-73.95713,40.60843300000001,0,WKD,B
37,CROPSEY AV AV / BAY 37 ST,LIVONIA AV / ASHFORD ST,60.0,B6,51663,2212,2322,,,2340.0,40.0,-73.99398000000002,40.59347,-73.883385,40.66642,0,WKD,B
38,LANE AV / BENSON AV,E 149 ST / BERGEN AV,38.0,BX4A,51664,524,557,,,625.0,703.0,-73.843285,40.840797,-73.91664,40.815666,0,WKD,BX
39,NEWPORT AV / BEACH 116 ST,AV H / FLATBUSH AV,32.0,Q35,46820,1315,1354,1215.0,1245.0,1415.0,1447.0,-73.8383,40.58134,-73.9467,40.631664,0,WKD,Q
40,SUTPHIN BL / 94 AV,14 AVE / 111 ST,63.0,Q65,51665,637,738,,,755.0,858.0,-73.80708,40.69914,-73.85625,40.785725,0,WKD,Q
41,LANE AV / BENSON AV,E 149 ST / BERGEN AV,44.0,BX4A,51666,609,655,,,728.0,812.0,-73.843285,40.840797,-73.91664,40.815666,0,WKD,BX
42,EARHART LA / ERSKINE PL,W 205 ST / PAUL AV,45.0,BX26,51667,653,742,,,801.0,846.0,-73.822716,40.861336,-73.89005999999998,40.87707,0,WKD,BX
43,SOUTHERN BL / BOTANICAL GARDENS,RIVERBANK / STATE PARK,70.0,BX19,51668,659,816,,,837.0,947.0,-73.88074,40.861248,-73.95538,40.826817,0,WKD,BX
44,135 RD / 130 PL,UNION TPK / KEW GARDENS RD,25.0,Q37,51669,500,532,,,605.0,630.0,-73.80851,40.66767,-73.831375,40.713963,0,WKD,Q
45,WILLETS PT BL / 24 RD,SUTPHIN BL / 94 AV,54.0,Q34,51670,500,542,,,615.0,709.0,-73.816895,40.776546,-73.8071,40.699177,0,WKD,Q
46,165 AV / 96 ST,HOFFMAN DR / WOODHAVEN BL,36.0,Q11,51671,550,627,,,655.0,731.0,-73.83428,40.64958,-73.8713,40.73318,0,WKD,Q
47,JUNCTION BL / QUEENS BL,LGA INTL AIRPORT / TERMINAL B,38.0,Q72,51672,515,543,,,603.0,641.0,-73.8627,40.73082700000001,-73.87222,40.774475,0,WKD,Q
48,UNION TPK / KEW GARDENS RD,135 RD / 130 PL,35.0,Q37,46842,1000,1028,900.0,933.0,1055.0,1130.0,-73.831215,40.714035,-73.80873000000003,40.667664,0,WKD,Q
49,PARSONS BL / 88 AV,SEAGIRT BL / BEACH 20 ST,57.0,Q113,46848,1050,1144,923.0,1018.0,1235.0,1332.0,-73.80224,40.70643,-73.754745,40.595383,0,WKD,Q
50,NATIONAL DR / MILL AV,E 16 ST / KINGS HWY,23.0,B100,51389,1045,1109,952.0,1015.0,1137.0,1200.0,-73.91594,40.606945,-73.95740500000002,40.608936,0,WKD,B
51,165 ST / TERMINAL,HEMPSTEAD AV / 225 ST,28.0,Q2,51390,1150,1218,1101.0,1129.0,1246.0,1314.0,-73.79556,40.7078,-73.72916,40.71142,0,WKD,Q
52,YUKON AV / KMART DWY,ST GEORGE FERRY / ST GEORGE FERRY,51.0,S44,51391,1000,1052,848.0,939.0,1130.0,1221.0,-74.16715,40.575645,-74.073135,40.643715,0,WKD,S
53,VAN CORTLANDT PK E / E 242 ST,TREMONT AV / LANE AV,47.0,BX31,51392,1115,1202,1006.0,1050.0,1218.0,1305.0,-73.86820999999998,40.902447,-73.84285,40.841076,0,WKD,BX
54,BERGEN AV / WESTCHESTER AV,LANE AV / BENSON AV,42.0,BX4,51393,1656,1743,1541.0,1628.0,1812.0,1854.0,-73.91634,40.81588,-73.84322,40.840267,0,WKD,BX
55,138 ST / 37 AV,SPRINGFIELD BL / 119 AV,71.0,Q27,51394,750,855,629.0,732.0,912.0,1023.0,-73.82955,40.761806,-73.74521999999997,40.692406,0,WKD,Q
56,4 AV / 86 ST,RICHMOND TER / PARK AV #1,47.0,S53,51395,848,937,724.0,828.0,1000.0,1047.0,-74.02869,40.62231,-74.131325,40.640297,0,WKD,S
57,165 ST / TERMINAL,HEMPSTEAD AV / 225 ST,31.0,Q2,51396,1548,1622,1446.0,1520.0,1640.0,1711.0,-73.79556,40.7078,-73.72916,40.71142,0,WKD,Q
58,87 ST / 4 Av,ORIENTAL BL / MACKENZIE ST,67.0,B1,51397,1635,1737,1511.0,1618.0,1758.0,1905.0,-74.02849599999998,40.621925,-73.94021,40.578007,0,WKD,B
59,PLEASANT AV / E 120 ST,W 106 ST / BROADWAY,32.0,M116,51398,1747,1815,1658.0,1730.0,1833.0,1905.0,-73.931694,40.79725,-73.9676,40.801327,0,WKD,M
60,JFK TERMINAL 5 / AIR TRAIN STATION,165 ST / 165 ST TERM,46.0,Q3,51399,1925,2013,1808.0,1902.0,2039.0,2125.0,-73.779884,40.647465,-73.79524,40.707657,0,WKD,Q
61,PROSPECT PK W / 18 ST,SMITH ST / LIVINGSTON ST,44.0,B61,51400,1913,1956,1801.0,1851.0,2017.0,2101.0,-73.98289,40.657635,-73.98788499999998,40.69043,0,WKD,B
62,138 ST / 37 AV,SPRINGFIELD BL / 119 AV,71.0,Q27,51401,1224,1329,1057.0,1205.0,1345.0,1456.0,-73.82955,40.761806,-73.74521999999997,40.692406,0,WKD,Q
63,JUNCTION BL / QUEENS BL,LGA INTL AIRPORT / TERMINAL B,45.0,Q72,51402,1802,1842,1645.0,1738.0,1906.0,1951.0,-73.8627,40.73082700000001,-73.87222,40.774475,0,WKD,Q
64,TOTTEN AV / CROSS ISLAND PY,39 AV / UNION ST,30.0,Q16,51403,1533,1559,1435.0,1501.0,1630.0,1700.0,-73.78107,40.791428,-73.82736,40.7609,0,WKD,Q
65,ROOSEVELT AV / MAIN ST,28 ST / QUEENS PLZ S,57.0,Q66,47336,1411,1508,1255.0,1352.0,1538.0,1635.0,-73.83073399999998,40.759354,-73.93919,40.749744,0,WKD,Q
66,PARSONS BL / 88 AV,SEAGIRT BL / BEACH 20 ST,65.0,Q114,46860,1733,1839,1603.0,1709.0,1912.0,2017.0,-73.80224,40.70643,-73.754745,40.595383,0,WKD,Q
67,SEAGIRT BL / CREST RD,HILLSIDE AV / PARSONS BL,69.0,Q114,46864,935,1044,814.0,920.0,1102.0,1211.0,-73.75569,40.59506,-73.80332,40.707504,0,WKD,Q
68,W 96 ST / WEST END AV,E 97 ST / 1 AV,23.0,M96,51405,1239,1300,1159.0,1221.0,1317.0,1340.0,-73.97269,40.794933,-73.94478000000002,40.784206,0,WKD,M
69,138 ST / 37 AV,MERRICK BL / JAMAICA AVE,48.0,Q17,51406,2106,2154,1957.0,2047.0,2225.0,2313.0,-73.82955,40.761806,-73.794014,40.705914,0,WKD,Q
70,FOOD CENTER DR / TERMINAL,PROSPECT AV / WESTCHESTER AV,20.0,BX46,51407,2130,2141,2030.0,2050.0,2230.0,2250.0,-73.87665600000003,40.809975,-73.901825,40.819386,0,WKD,BX
71,PLEASANT AV / E 120 ST,W 106 ST / BROADWAY,29.0,M116,51408,1142,1210,1008.0,1037.0,1228.0,1257.0,-73.931694,40.79725,-73.9676,40.801327,0,WKD,M
72,GRAND ST / FDR DR,VESEY ST / NORTH END AV,30.0,M22,51409,1505,1536,1357.0,1429.0,1557.0,1627.0,-73.97798,40.713264,-74.01536,40.714527,0,WKD,M
73,E 49 ST / 1 AV,12 AV / W 42 ST,33.0,M50,51410,1338,1411,1233.0,1306.0,1453.0,1526.0,-73.966965,40.75351,-74.00097,40.762547,0,WKD,M
74,W 41 ST / 8 AV,AMSTERDAM AV / W 129 ST,40.0,M104,51411,2220,2306,2051.0,2149.0,2340.0,20.0,-73.99011999999998,40.75655,-73.95504,40.814903,0,WKD,M
75,W 66 ST / WEST END AV,EAST 68 ST / YORK AV,16.0,M66,51412,1944,2001,1859.0,1923.0,2029.0,2045.0,-73.98702,40.77601,-73.95575,40.76425,0,WKD,M
76,E 41 ST / 1 AV,12 AV / W 42 ST,23.0,M42,51413,2020,2041,1935.0,1958.0,2110.0,2133.0,-73.969574,40.747864,-74.00097,40.762547,0,WKD,M
77,LEXINGTON AV / E 125 ST,SUNKEN GARDEN LOOP / Charles Gay CTR,12.0,M35,51414,1215,1224,1139.0,1150.0,1239.0,1251.0,-73.937416,40.80458,-73.93084,40.785095,0,WKD,M
78,PLEASANT AV / E 120 ST,W 106 ST / BROADWAY,22.0,M116,51415,2102,2123,1954.0,2020.0,2147.0,2209.0,-73.931694,40.79725,-73.9676,40.801327,0,WKD,M
79,8 Av / W 12 ST,W 58 ST / BROADWAY,29.0,M12,51416,1015,1052,900.0,936.0,1130.0,1159.0,-74.00435,40.737904,-73.98199,40.767155,0,WKD,M
80,WEST 66 ST / FREEDOM PL,E 72 ST / YORK AV,33.0,M72,51417,1532,1608,1431.0,1508.0,1631.0,1704.0,-73.98863,40.7765,-73.95415,40.76696,0,WKD,M
81,ASTOR PL / 3 AV,W 146 ST / MALCOLM X  BLVD,100.0,M102,51418,1124,1302,904.0,1043.0,1343.0,1523.0,-73.99005,40.72957,-73.93611999999997,40.8212,0,WKD,M
82,4 AV / E 10 ST,W 168 ST / AUDUBON AV,57.0,M2,51419,2140,2251,1948.0,2104.0,2335.0,32.0,-73.99029,40.731342,-73.93843000000003,40.84058,0,WKD,M
83,E 72 ST / YORK AV,W 66 ST / FREEDOM PL,35.0,M72,51420,1007,1036,908.0,940.0,1056.0,1131.0,-73.95411,40.766953,-73.98873,40.776493,0,WKD,M
84,12 AV / 42 ST,E 41 ST / 1 AV,18.0,M42,51421,2214,2237,2127.0,2148.0,2322.0,2340.0,-74.00144,40.76215,-73.96979499999998,40.74798,0,WKD,M
85,POSTAL FACILITY RD / IN FRONT OF FACILITY,PUTNAM AV / FAIRVIEW AV,52.0,B20,51404,1959,2055,1835.0,1936.0,2115.0,2207.0,-73.86267,40.664593,-73.90208,40.70486,0,WKD,B
86,METROPOLITAN AV / FRESH POND RD,28 ST / QUEENS PLZ S,52.0,Q67,47357,1530,1613,1410.0,1455.0,1645.0,1737.0,-73.89999,40.712616,-73.9392,40.74952,0,WKD,Q
87,METROPOLITAN AV / FRESH POND RD,28 ST / QUEENS PLZ S,40.0,Q67,47363,725,818,620.0,659.0,835.0,915.0,-73.89999,40.712616,-73.9392,40.74952,0,WKD,Q
88,GREENPOINT AV / MANHATTAN AV,WASHINGTON PL / LANE 6,49.0,B24,51711,1040,1129,910.0,957.0,1210.0,1259.0,-73.95444499999998,40.730103,-73.95978000000002,40.709095,0,WKD,B
89,WEST ST / CHRISTOPHER ST,AV D / LOOP,20.0,M8,51712,1420,1445,1337.0,1359.0,1517.0,1537.0,-74.01008,40.73285,-73.97454,40.72469,0,WKD,M
90,W 96 ST / WEST END AV,E 97 ST / 1 AV,22.0,M96,51713,911,932,832.0,854.0,951.0,1013.0,-73.97269,40.794933,-73.94478000000002,40.784206,0,WKD,M
91,LUTEN AV / EYLANDT ST,MARSH AV / RING RD,31.0,S56,51714,1117,1148,1000.0,1031.0,1230.0,1301.0,-74.19135,40.527,-74.161415,40.58375,0,WKD,S
92,SOUTHERN BL / WESTCHESTER AV,TURNBULL AV / PUGSLEY AV,22.0,BX5,51715,1134,1155,1032.0,1053.0,1226.0,1248.0,-73.8919,40.823677,-73.855736,40.82306,0,WKD,BX
93,SUTPHIN BL / 94 AV,14 AVE / 111 ST,52.0,Q65,51716,2036,2133,1918.0,2021.0,2200.0,2252.0,-73.80708,40.69914,-73.85625,40.785725,0,WKD,Q
94,87 ST / 4 Av,ORIENTAL BL / MACKENZIE ST,54.0,B1,51717,756,854,650.0,741.0,921.0,1015.0,-74.02849599999998,40.621925,-73.94021,40.578007,0,WKD,B
95,W 178 ST / FT WASHINGTON AV,RIVER AV / E 149 ST,29.0,BX13,51718,1348,1419,1303.0,1332.0,1436.0,1505.0,-73.93856,40.84849000000001,-73.93004599999998,40.81969,0,WKD,BX
96,165 ST TERM / Q6 STAND,EASTERN RD / BLDG 77 HALMAR,48.0,Q6,47725,1432,1514,1332.0,1417.0,1555.0,1643.0,-73.79553,40.707092,-73.7655,40.65257,0,WKD,Q
97,27 AV / 2 ST,69 ST / GRAND AV,46.0,Q18,46875,1700,1754,1555.0,1641.0,1815.0,1901.0,-73.93493000000002,40.775143,-73.89526,40.726376,0,WKD,Q
98,E 92 ST / 1 AV,W 54 ST / 11 AV,46.0,M31,51422,1542,1638,1428.0,1519.0,1657.0,1743.0,-73.94639000000002,40.78055,-73.99254599999998,40.768192,0,WKD,M
99,12 AV / 42 ST,E 41 ST / 1 AV,27.0,M42,51423,1604,1629,1521.0,1548.0,1651.0,1718.0,-74.00144,40.76215,-73.96979499999998,40.74798,0,WKD,M
100,BROADWAY / W 178 ST,W 31 ST / 6 AV,54.0,M5,51424,2145,2247,2003.0,2106.0,2340.0,34.0,-73.9377,40.848423,-73.98883000000002,40.74779,0,WKD,M
101,SUNKEN GARDEN LOOP / CHARLES H GAY CTR,LEXINGTON AV / E 125 ST,10.0,M35,51425,710,721,636.0,646.0,746.0,756.0,-73.930824,40.785088,-73.93725,40.804764,0,WKD,M
102,SUNKEN GARDEN LOOP / CHARLES H GAY CTR,LEXINGTON AV / E 125 ST,8.0,M35,51426,2243,2252,2215.0,2223.0,2335.0,2343.0,-73.930824,40.785088,-73.93725,40.804764,0,WKD,M
103,BROADWAY / W 178 ST,W 31 ST / 6 AV,74.0,M5,51427,942,1057,805.0,914.0,1131.0,1245.0,-73.9377,40.848423,-73.98883000000002,40.74779,0,WKD,M
104,E 16 ST / KINGS HWY,NATIONAL DR / MILL AV,26.0,B100,51720,1422,1449,1330.0,1356.0,1508.0,1534.0,-73.95736,40.60844,-73.91589,40.606857,0,WKD,B
105,E 41 ST / 1 AV,12 AV / W 42 ST,23.0,M42,51721,1852,1920,1759.0,1822.0,1935.0,1958.0,-73.969574,40.747864,-74.00097,40.762547,0,WKD,M
106,VAN CORTLANDT PK E / E 242 ST,VALENTINE AV / FORDHAM RD,28.0,BX34,51722,1750,1820,1657.0,1727.0,1850.0,1918.0,-73.86820999999998,40.902447,-73.8958,40.862503,0,WKD,BX
107,NOSTRAND AV / GRAVESEND NECK RD,SURF AV / W 37 ST,48.0,B36,51723,719,759,621.0,700.0,818.0,906.0,-73.94187,40.59997,-74.00248,40.57343,0,WKD,B
108,135 RD / 130 PL,UNION TPK / KEW GARDENS RD,34.0,Q37,51724,1840,1913,1742.0,1820.0,1930.0,2004.0,-73.80851,40.66767,-73.831375,40.713963,0,WKD,Q
109,28 ST / QUEENS PLZ S,ASTORIA BL / 82 ST,40.0,Q69,47380,912,952,812.0,853.0,1010.0,1050.0,-73.93952,40.74939000000001,-73.887566,40.76527,0,WKD,Q
110,FRANK W. GAY BL / CHELSEA RD,ST GEORGE FERRY / ST GEORGE FERRY,42.0,S40,51725,1335,1415,1240.0,1319.0,1445.0,1527.0,-74.18773,40.62086,-74.07309000000002,40.64373,0,WKD,S
111,WESTCHESTER AV / LANE  AV,E 136 ST / LINCOLN AV,60.0,BX21,51726,655,802,545.0,629.0,821.0,921.0,-73.84325,40.839943,-73.92836,40.80965,0,WKD,BX
112,ARCHER AV / SUTPHIN BL,HILLSIDE AV / 267 ST,35.0,Q43,51727,2121,2201,2018.0,2058.0,2230.0,2305.0,-73.80781999999998,40.700504,-73.701454,40.738705,0,WKD,Q
113,82 ST / ROOSEVELT AV,81 ST / MYRTLE AV,26.0,Q29,51728,830,855,737.0,806.0,915.0,941.0,-73.884,40.74739,-73.86723,40.703304,0,WKD,Q
114,VAN SINDEREN AV / FULTON ST,GATEWAY CTR TERM / GATEWAY DR,33.0,B83,51729,1921,2000,1820.0,1859.0,2019.0,2052.0,-73.90340400000002,40.678112,-73.876755,40.65282,0,WKD,B
115,235 ST / LINDEN BL,TEARDROP / LAYOVER,33.0,Q4,51730,654,724,,,747.0,820.0,-73.72748,40.69037,-73.80299000000002,40.701298,0,WKD,Q
116,W 178 ST / FT WASHINGTON AV,RIVER AV / E 149 ST,29.0,BX13,51731,552,615,,,648.0,717.0,-73.93856,40.84849000000001,-73.93004599999998,40.81969,0,WKD,BX
117,E 241 ST / CRANFORD AVE,SOUNDVIEW AV / CORNELL AV,69.0,BX39,51732,622,718,,,733.0,842.0,-73.8497,40.903217,-73.85233000000002,40.80754500000001,0,WKD,BX
118,39 ST / 1 AV,CROPSEY AV / VA HOSPITAL,43.0,B70,51733,535,605,,,629.0,712.0,-74.012024,40.656155,-74.02389000000002,40.609135,0,WKD,B
119,CONVENT AV / W 129 ST,W 41 ST / 8 AV,28.0,M104,51734,320,354,,,450.0,518.0,-73.95318,40.814224,-73.98981500000002,40.75641,0,WKD,M
120,MACKENZIE LOOP (no G-A / MACKENZIE LOOP (no G-A,87 ST / 4 AV,52.0,B1,51735,505,536,,,613.0,705.0,-73.93974,40.578205,-74.02835999999998,40.62184,0,WKD,B
121,ASTOR PL / 3 AV,AMSTERDAM AV / 193 ST,68.0,M101,51736,2125,2303,,,2330.0,38.0,-73.99005,40.72957,-73.92529,40.855682,0,WKD,M
122,BROADWAY / W 219 ST,E 127 ST / 2 AV,74.0,M100,51737,613,723,,,741.0,855.0,-73.91309,40.87177,-73.93278000000002,40.80406,0,WKD,M
123,PUTNAM AV / FAIRVIEW AV,POSTAL FACILITY RD / IN FRONT OF FACILITY,42.0,B20,51719,2216,2308,2018.0,2114.0,2340.0,22.0,-73.90224,40.704704,-73.86268000000003,40.664593,0,WKD,B
124,MALCOLM X BL / W 146 ST,CENTRE ST / BROOME ST,85.0,M1,51738,603,703,,,726.0,851.0,-73.9359,40.82108,-73.99775,40.720577,0,WKD,M
125,165 ST TERM / Q8 STAND,GATEWAY CTR TERMINAL / GATEWAY DR,67.0,Q8,47777,1234,1334,1105.0,1206.0,1403.0,1510.0,-73.79557,40.70715,-73.87623,40.652714,0,WKD,Q
126,PITKIN AV / EUCLID AV,165 ST TERM / MTA BUS STAND,45.0,Q8,47781,604,645,,,700.0,745.0,-73.87206,40.675358,-73.79544,40.707226,0,WKD,Q
127,LINCOLN ST / ROCKAWAY BL,165 ST TERM / MTA BUS STAND,25.0,Q9,47783,1238,1303,1155.0,1217.0,1325.0,1350.0,-73.80735,40.67515,-73.79544,40.707226,0,WKD,Q
128,165 ST TERM / Q9 STAND,LINCOLN ST / ROCKAWAY BL,26.0,Q9,47786,1640,1709,1553.0,1620.0,1738.0,1804.0,-73.7955,40.707047,-73.80734,40.67511,0,WKD,Q
129,42 RD / HUNTER ST,60 LA / ST FELIX AV,57.0,Q39,46905,648,733,540.0,629.0,755.0,852.0,-73.93956,40.748787,-73.8945,40.696884,0,WKD,Q
130,MALCOLM X BL / W 146 ST,CENTRE ST / BROOME ST,58.0,M1,51739,507,550,,,627.0,725.0,-73.9359,40.82108,-73.99775,40.720577,0,WKD,M
131,4 AV / E 10 ST,W 168 ST / AUDUBON AV,95.0,M2,51740,737,903,,,918.0,1053.0,-73.99029,40.731342,-73.93843000000003,40.84058,0,WKD,M
132,BROADWAY / W 63 ST,STATE ST / WHITEHALL ST,71.0,M20,51741,1540,1656,,,1729.0,1840.0,-73.98234000000002,40.77088,-74.01304,40.702374,0,WKD,M
133,MADISON AV / E 32 ST,MARGARET CORBIN DR / CLOISTERS,127.0,M4,51742,852,1039,,,1155.0,1402.0,-73.983795,40.74655,-73.93205,40.865643,0,WKD,M
134,MADISON AV / E 32 ST,MARGARET CORBIN DR / CLOISTERS,127.0,M4,51743,1000,1150,,,1222.0,1429.0,-73.983795,40.74655,-73.93205,40.865643,0,WKD,M
135,W 58 St / BROADWAY,8 AV / 12 ST,34.0,M12,51744,1300,1329,,,1515.0,1549.0,-73.98184,40.76709,-74.00451,40.737762,0,WKD,M
136,1 AV / E 27 ST,SOUTH END AV / ALBANY ST,48.0,M9,51745,635,716,,,744.0,832.0,-73.97649399999997,40.739628,-74.016205,40.710278,0,WKD,M
137,168 ST / AUDUBON AV,4 AV / E 9 ST,86.0,M2,51746,726,854,,,920.0,1046.0,-73.93854499999998,40.840645,-73.990524,40.73028,0,WKD,M
138,MARCUS GARVEY BLVD / BROADWAY,AV U / E 54 ST,0.0,B47,51747,2229,2322,2115.0,2206.0,,,-73.94144,40.69957700000001,-73.92041,40.611008,0,WKD,B
139,JAY ST / MYRTLE PLZ,PALMETTO ST / ST NICHOLAS AV,0.0,B54,51748,2222,2256,2110.0,2143.0,,,-73.98711999999998,40.694504,-73.91004000000002,40.700485,0,WKD,B
140,58 ST / 1 Av,NOSTRAND AVE / AVENUE H,0.0,B11,51749,2345,26,2240.0,2320.0,,,-74.0232,40.64542,-73.94773,40.632008,0,WKD,B
141,165 ST / TERMINAL,AMBOY LA / SPRINGFIELD BL,0.0,Q1,51750,1130,1155,1023.0,1051.0,,,-73.7956,40.70771,-73.73575,40.717815,0,WKD,Q
142,243 ST / 147 AV,TEARDROP / LAYOVER,0.0,Q85,51751,2306,2340,2156.0,2241.0,,,-73.74122,40.657738,-73.80299000000002,40.701298,0,WKD,Q
143,LINCOLN AV / E 137 ST,W 231 ST / TIBBETT AV,0.0,BX1,51752,1811,1911,1639.0,1748.0,,,-73.92827,40.809616,-73.908775,40.88104600000001,0,WKD,BX
144,ST GEORGE FERRY / S42 & S52,CLYDE PL / ARNOLD ST,0.0,S42,51753,1001,1015,845.0,901.0,,,-74.07338,40.64349,-74.09019,40.63911,0,WKD,S
145,165 ST TERM / Q41 STAND,160 AV / 92 ST,0.0,Q41,51754,1850,1945,1735.0,1833.0,,,-73.79547,40.707,-73.84029,40.657356,0,WKD,Q
146,W FARMS RD / WESTCHESTER AV,SOUNDVIEW AV / SOUNDVIEW FERRY,0.0,BX27,51755,1913,1939,1831.0,1854.0,,,-73.89144,40.82497,-73.84883,40.805695,0,WKD,BX
147,BROADWAY / ROEBLING ST,62 DR / QUEENS BL,0.0,Q59,51756,2332,15,2143.0,2228.0,,,-73.96043399999998,40.709354,-73.86443,40.731194,0,WKD,Q
148,FRANCIS LEWIS BL / 147 DR,HILLSIDE AV / PARSONS BL,37.0,Q111,47684,706,750,616.0,651.0,811.0,848.0,-73.72648000000002,40.655106,-73.80332,40.707504,0,WKD,Q
149,BRUCKNER BL / WILKINSON AV,BRUCKNER BL / WILKINSON AV,34.0,BX23,47697,1248,1325,1145.0,1217.0,1345.0,1419.0,-73.827,40.852505,-73.82704,40.852364,0,WKD,BX
150,HEGEMAN AV / WATKINS ST,39 ST / 1 AV,71.0,B35,51465,1648,1758,1511.0,1631.0,1814.0,1925.0,-73.905,40.656666,-74.0117,40.656033,0,WKD,B
151,CLYDE PL / ARNOLD ST,ST GEORGE FERRY / ST GEORGE FERRY,16.0,S42,51466,1625,1637,1531.0,1547.0,1711.0,1727.0,-74.09013,40.638992,-74.07306,40.643333,0,WKD,S
152,E 60 ST / 2 AV,94 AVE / SUTPHIN BLVD,87.0,Q60,51467,645,800,500.0,607.0,815.0,942.0,-73.96372,40.76125,-73.80681,40.699177,0,WKD,Q
153,BOX ST / MANHATTAN AV,LINCOLN RD / FLATBUSH AV,70.0,B43,51468,825,929,656.0,810.0,1000.0,1110.0,-73.95567,40.737198,-73.96137,40.660854,0,WKD,B
154,UNIVERSITY DRIVE / MEDICAL ARTS PAV E,ST GEORGE FERRY / ST GEORGE FERRY,53.0,S52,51469,1415,1516,1250.0,1342.0,1545.0,1638.0,-74.08641999999998,40.586937,-74.07306,40.643333,0,WKD,S
155,CROPSEY AV AV / BAY 37 ST,LIVONIA AV / ASHFORD ST,96.0,B6,51470,1448,1621,1258.0,1427.0,1637.0,1813.0,-73.99398000000002,40.59347,-73.883385,40.66642,0,WKD,B
156,27 AV / 2 ST,69 ST / GRAND AV,42.0,Q18,51471,750,837,647.0,731.0,905.0,947.0,-73.93493000000002,40.775143,-73.89526,40.726376,0,WKD,Q
157,W 41 ST / 8 AV,AMSTERDAM AV / W 129 ST,70.0,M104,51472,1525,1623,1354.0,1501.0,1704.0,1814.0,-73.99011999999998,40.75655,-73.95504,40.814903,0,WKD,M
158,E 97 ST / 1 AV,W 96 ST / WEST END AV,21.0,M96,51473,816,838,735.0,758.0,856.0,917.0,-73.94549,40.784527,-73.97309,40.795105,0,WKD,M
159,SMITH ST / FULTON ST,RALPH AV / ST JOHNS PL,50.0,B65,51474,728,808,627.0,702.0,833.0,923.0,-73.98737,40.691208,-73.92254,40.6702,0,WKD,B
160,PITKIN AV / EUCLID AV,S CARGO RD / CARGO PLZ,42.0,Q7,47754,910,951,810.0,845.0,1025.0,1107.0,-73.87178,40.675495,-73.79466,40.652985,0,WKD,Q
161,B ST / 1 AV,4 AV / 87 ST,35.0,S93,51476,1005,1043,912.0,945.0,1110.0,1145.0,-74.15165,40.59886,-74.02877,40.62198,0,WKD,S
162,SMITH ST / FULTON ST,RALPH AV / ST JOHNS PL,50.0,B65,51477,743,823,642.0,722.0,848.0,938.0,-73.98737,40.691208,-73.92254,40.6702,0,WKD,B
163,E 105 ST / FDR  DR,W 96 ST / WEST END AV,24.0,M106,51478,815,841,715.0,736.0,905.0,929.0,-73.93884,40.788277,-73.97309,40.795105,0,WKD,M
164,109 AV / 157 ST,E 60 ST / 2 AV,93.0,Q60,47217,1340,1517,1158.0,1323.0,1538.0,1711.0,-73.79456,40.693176,-73.963646,40.761215,0,WKD,Q
165,E 97 ST / 1 AV,W 96 ST / WEST END AV,16.0,M96,51479,2300,2317,2223.0,2237.0,2350.0,6.0,-73.94549,40.784527,-73.97309,40.795105,0,WKD,M
166,E TREMONT AV / E 177 ST,BROADWAY / W 262 ST,53.0,BX9,51480,1858,1958,1733.0,1834.0,2027.0,2120.0,-73.87861,40.839855,-73.8965,40.91023,0,WKD,BX
167,W 106 ST / BROADWAY,PLEASANT AV / E 120 ST,23.0,M116,51481,535,555,500.0,515.0,625.0,648.0,-73.967575,40.80115,-73.93101,40.797615,0,WKD,M
168,E 127 ST / 2 AV,BROADWAY / W 220 ST,61.0,M100,51482,2045,2148,1907.0,2024.0,2232.0,2333.0,-73.9327,40.80404,-73.9128,40.872154,0,WKD,M
169,FLUSHING AV / 61 ST,BEARD ST / OTSEGO ST,76.0,B57,51483,1017,1136,835.0,954.0,1207.0,1323.0,-73.904045,40.72108,-74.01132,40.672325,0,WKD,B
170,QUENTIN RD / CONEY ISLAND AV,SARATOGA AV / HALSEY ST,52.0,B7,51484,953,1046,822.0,923.0,1105.0,1157.0,-73.96175,40.607887,-73.91781999999998,40.68584,0,WKD,B
171,CENTRE ST / BROOME ST,146 ST / LENOX AV,100.0,M1,51485,1449,1629,1232.0,1416.0,1651.0,1831.0,-73.99769599999998,40.720646,-73.93604,40.821205,0,WKD,M
172,W 146 ST / MALCOLM X BL,AV OF THE AMERICAS / W 14 ST,68.0,M7,51486,1835,1950,1634.0,1817.0,2030.0,2138.0,-73.93595,40.821175,-73.99668,40.737408,0,WKD,M
173,W 96 ST / WEST END AV,E 97 ST / 1 AV,24.0,M96,51487,1433,1454,1353.0,1417.0,1510.0,1534.0,-73.97269,40.794933,-73.94478000000002,40.784206,0,WKD,M
174,168 ST / AUDUBON AV,4 AV / E 9 ST,100.0,M2,51488,1413,1600,1216.0,1353.0,1617.0,1757.0,-73.93854499999998,40.840645,-73.990524,40.73028,0,WKD,M
175,FRED DOUGLASS BL / W 158 ST,BROADWAY / WEST 57 ST,60.0,M10,51489,1525,1625,1357.0,1455.0,1645.0,1745.0,-73.93599,40.83095,-73.98196999999998,40.76653,0,WKD,M
176,E 41 ST / 1 AV,12 AV / W 42 ST,26.0,M42,51490,654,713,610.0,629.0,728.0,754.0,-73.969574,40.747864,-74.00097,40.762547,0,WKD,M
177,ST NICHOLAS AV / W 192 ST,3 AV / ASTOR PL,127.0,M101,51491,1126,1330,850.0,1039.0,1406.0,1613.0,-73.92882,40.856144,-73.99025999999998,40.72911,0,WKD,M
178,W 106 ST / BROADWAY,PLEASANT AV / E 120 ST,28.0,M116,51492,1138,1207,1052.0,1120.0,1232.0,1300.0,-73.967575,40.80115,-73.93101,40.797615,0,WKD,M
179,28 ST / QUEENS PLZ S,METROPOLITAN AV / FRESH POND RD,48.0,Q67,51475,735,821,625.0,711.0,845.0,933.0,-73.93915600000003,40.749577,-73.90121500000002,40.712788,0,WKD,Q
180,164 AV / 92 ST,165 ST TERM / MTA BUS STAND,53.0,Q41,47439,613,709,520.0,555.0,730.0,823.0,-73.83869,40.650757,-73.79544,40.707226,0,WKD,Q
181,BROADWAY / W 219 ST,E 127 ST / 2 AV,80.0,M100,51795,1543,1716,1403.0,1528.0,1739.0,1859.0,-73.91309,40.87177,-73.93278000000002,40.80406,0,WKD,M
182,BETHUNE ST / GREENWICH ST,RIVERBANK / STATE PARK,48.0,M11,51796,2120,2217,1940.0,2047.0,2300.0,2348.0,-74.00636,40.736988,-73.95538,40.826817,0,WKD,M
183,243 ST / 147 AV,TEARDROP / LAYOVER,38.0,Q85,51797,501,538,408.0,442.0,558.0,636.0,-73.74122,40.657738,-73.80299000000002,40.701298,0,WKD,Q
184,PARSONS BL / 89 AV,ROCKAWAY BL / LIBERTY AV,34.0,Q112,47811,1045,1117,955.0,1028.0,1140.0,1214.0,-73.80176999999998,40.705864,-73.84227,40.680416,0,WKD,Q
185,W 72 ST / BROADWAY,E 60 ST / YORK AV,33.0,M57,51493,1831,1906,1732.0,1811.0,1936.0,2009.0,-73.982765,40.77913,-73.959885,40.75952,0,WKD,M
186,E 67 ST / YORK AV,W 66 ST / WEST END AV,24.0,M66,51494,818,837,735.0,759.0,856.0,920.0,-73.9563,40.76391,-73.98680999999998,40.775906,0,WKD,M
187,E 49 ST / 1 AV,12 AV / W 42 ST,28.0,M50,51495,938,1006,839.0,906.0,1053.0,1121.0,-73.966965,40.75351,-74.00097,40.762547,0,WKD,M
188,E 41 ST / 1 AV,12 AV / W 42 ST,33.0,M42,51496,836,901,750.0,818.0,932.0,1005.0,-73.969574,40.747864,-74.00097,40.762547,0,WKD,M
189,168 ST / AUDUBON AV,4 AV / E 9 ST,89.0,M2,51497,1541,1718,1346.0,1523.0,1735.0,1904.0,-73.93854499999998,40.840645,-73.990524,40.73028,0,WKD,M
190,E 67 ST / YORK AV,W 66 ST / WEST END AV,17.0,M66,51498,1929,1948,1846.0,1907.0,2008.0,2025.0,-73.9563,40.76391,-73.98680999999998,40.775906,0,WKD,M
191,W 41 ST / 8 AV,AMSTERDAM AV / W 129 ST,63.0,M104,51499,750,839,627.0,711.0,912.0,1015.0,-73.99011999999998,40.75655,-73.95504,40.814903,0,WKD,M
192,L.I.J.MEDICAL RDWY / 271 ST,QUEENS BL / 78 CR,47.0,Q46,51500,659,738,,,753.0,840.0,-73.70640999999998,40.755062,-73.83123,40.714733,0,WKD,Q
193,LGA / MARINE AIR TERMINAL (T,COOPER AV / 81 ST,57.0,Q47,51501,555,639,,,655.0,752.0,-73.8862,40.772953,-73.86925500000002,40.709545,0,WKD,Q
194,WILLIAMS AV / FLATLANDS AV,WASHINGTON PLZ / WASHINGTON PLZ,71.0,B60,51502,500,553,,,617.0,728.0,-73.89143,40.650085,-73.95956,40.709538,0,WKD,B
195,PENNYFIELD AV / FT SCHUYLER ENT,SEDGWICK AV / CEDAR AV,87.0,BX40,51503,1433,1605,,,1634.0,1801.0,-73.80176,40.809174,-73.92009,40.85236,0,WKD,BX
196,WEST SHORE PLAZA / CHELSEA ST,ST GEORGE FERRY / ST GEORGE FERRY,45.0,S46,51504,450,531,,,600.0,645.0,-74.1907,40.60204,-74.07313,40.64357800000001,0,WKD,S
197,MERRICK BL / JAMAICA AV,138 ST / 37 AV,46.0,Q17,51505,1759,1846,,,1907.0,1953.0,-73.794,40.70589,-73.82954000000002,40.76175,0,WKD,Q
198,110 ST / 14 AV,SUTPHIN BL / 94 AV,67.0,Q65,51506,655,754,,,817.0,924.0,-73.85696,40.78532,-73.8071,40.699177,0,WKD,Q
199,12 AV / 42 ST,E 41 ST / 1 AV,26.0,M42,51799,940,1013,854.0,919.0,1029.0,1055.0,-74.00144,40.76215,-73.96979499999998,40.74798,0,WKD,M
200,COOPER AV / 81 ST,LGA / MARINE AIR TERMINAL (T,53.0,Q47,47455,1010,1102,855.0,944.0,1130.0,1223.0,-73.86907,40.709602,-73.88611999999998,40.773083,0,WKD,Q
201,MERRICK BL / ARCHER AV,15 AV / COLLEGE PT BL,82.0,Q20A,51800,900,1020,722.0,844.0,1104.0,1226.0,-73.793304,40.704906,-73.84551,40.784153,0,WKD,Q
202,FOOD CENTER DR / TERMINAL,RIVERSIDE DR W / 157-10 RIVERSIDE DR W,50.0,BX6,51801,1138,1225,1014.0,1104.0,1250.0,1340.0,-73.87665600000003,40.809975,-73.94848,40.836205,0,WKD,BX
203,W 135 ST / ST NICHOLAS AV,WALNUT AV / E 133 ST,24.0,BX33,51802,935,957,840.0,907.0,1020.0,1044.0,-73.94779,40.816982,-73.9116,40.79965,0,WKD,BX
204,RIVERBANK / STATE PARK,HUDSON ST / BETHUNE ST,52.0,M11,51803,2040,2144,1905.0,2014.0,2225.0,2317.0,-73.955505,40.82665,-74.00587,40.737072,0,WKD,M
205,WESTCHESTER AV / LANE  AV,E 136 ST / LINCOLN AV,43.0,BX21,51804,2240,2326,2125.0,2212.0,2350.0,33.0,-73.84325,40.839943,-73.92836,40.80965,0,WKD,BX
206,ARCHER AV / SUTPHIN BL,NASSAU BL / LITTLE NECK PKY,44.0,Q30,51805,1648,1737,1530.0,1619.0,1815.0,1859.0,-73.80783000000002,40.700512,-73.724815,40.76539,0,WKD,Q
207,ST GEORGE FERRY / S51 & S81,LINCOLN AV / RICHMOND RD,39.0,S51,51806,1340,1418,1228.0,1308.0,1448.0,1527.0,-74.07344,40.643467,-74.11145,40.58095,0,WKD,S
208,JFK TERMINAL 5 / AIR TRAIN STATION,MARCUS GARVEY BL / BROADWAY,86.0,B15,51807,705,846,528.0,640.0,902.0,1028.0,-73.779884,40.647465,-73.94147,40.69975,0,WKD,B
209,ARCHER AV / SUTPHIN BL,HILLSIDE AV / 267 ST,47.0,Q43,51808,637,717,533.0,619.0,900.0,947.0,-73.80781999999998,40.700504,-73.701454,40.738705,0,WKD,Q
210,LIVONIA AV / ASHFORD ST,ERSKINE ST / SEAVIEW AV,13.0,B84,51809,1351,1403,1300.0,1313.0,1430.0,1443.0,-73.88361,40.666386,-73.86676999999997,40.652943,0,WKD,B
211,PROSPECT PK SW / BARTEL PRITCHARD SQ,STILLWELL / TERMINAL,59.0,B68,51810,612,658,503.0,541.0,716.0,815.0,-73.97941,40.6607,-73.981026,40.576862,0,WKD,B
212,UNIVERSITY DRIVE / MEDICAL ARTS PAV E,ST GEORGE FERRY / ST GEORGE FERRY,47.0,S52,51811,1605,1701,1450.0,1546.0,1730.0,1817.0,-74.08641999999998,40.586937,-74.07306,40.643333,0,WKD,S
213,PALMETTO ST / ST NICHOLAS AV,CADMAN PZ W / TILLARY ST,55.0,B52,51812,1458,1556,1352.0,1440.0,1615.0,1710.0,-73.90999000000002,40.70042,-73.99041,40.693867,0,WKD,B
214,LINCOLN RD / FLATBUSH AV,BOX ST / MANHATTAN AV,62.0,B43,51813,847,957,718.0,823.0,1024.0,1126.0,-73.961464,40.660843,-73.95576,40.737198,0,WKD,B
215,W FARMS RD / WESTCHESTER AV,179 ST / BROADWAY,0.0,BX35,51814,2345,12,2240.0,2310.0,,,-73.89144,40.82497,-73.93678,40.84894600000001,0,WKD,BX
216,MARCUS GARVEY BLVD / BROADWAY,AV U / E 54 ST,67.0,B47,51798,627,724,505.0,548.0,743.0,850.0,-73.94144,40.69957700000001,-73.92041,40.611008,0,WKD,B
217,JEWEL AV / 164 ST,108 ST / QUEENS BL,15.0,Q64,47259,600,615,530.0,544.0,631.0,646.0,-73.80538,40.73184000000001,-73.843925,40.721817,0,WKD,Q
218,COLLEGE PT BL / 15 AV,MERRICK BL / ARCHER AV,0.0,Q20A,51815,2250,2348,2125.0,2227.0,,,-73.8459,40.784027,-73.79332,40.704933,0,WKD,Q
219,164 AV / 92 ST,HOFFMAN DR / WOODHAVEN BL,0.0,Q21,51816,2225,2311,2010.0,2052.0,,,-73.83869,40.650757,-73.8713,40.73318,0,WKD,Q
220,TILLARY ST / CADMAN PLZ E,SENECA AV / CORNELIA ST,0.0,B38,51817,2304,2353,2155.0,2239.0,,,-73.990166,40.696117,-73.90436,40.700848,0,WKD,B
221,ST GEORGE FERRY / S46 & S96,GRANDVIEW AV / FOREST AV,0.0,S46,51818,1603,1645,1436.0,1531.0,,,-74.07363000000002,40.643402,-74.16521,40.627823,0,WKD,S
222,8 Av / W 12 ST,W 58 ST / BROADWAY,0.0,M12,51819,2115,2138,2000.0,2025.0,,,-74.00435,40.737904,-73.98199,40.767155,0,WKD,M
223,31 AV / 102 ST,74 ST - ROOSEVELT AV T / Q49 STOP,19.0,Q49,47478,826,851,745.0,804.0,915.0,934.0,-73.86711,40.76131,-73.89072,40.746613,0,WKD,Q
224,LGA / MARINE AIR TERMINAL (T,COOPER AV / 81 ST,0.0,Q47,51820,2300,2345,2140.0,2223.0,,,-73.8862,40.772953,-73.86925500000002,40.709545,0,WKD,Q
225,LINCOLN AV / E 137 ST,W 231 ST / TIBBETT AV,0.0,BX1,51821,1930,2029,1801.0,1908.0,,,-73.92827,40.809616,-73.908775,40.88104600000001,0,WKD,BX
226,LIVINGSTON ST / COURT ST,RALPH AV / ST JOHNS PL,0.0,B45,51822,2312,2347,2205.0,2235.0,,,-73.99088,40.69134,-73.92254,40.6702,0,WKD,B
227,ST GEORGE FERRY / S42 & S52,CLYDE PL / ARNOLD ST,0.0,S42,51823,831,845,750.0,806.0,,,-74.07338,40.64349,-74.09019,40.63911,0,WKD,S
228,MC DONALD AV / CORTELYOU RD,SANDS ST / JAY ST,0.0,B67,51824,1742,1834,1612.0,1723.0,,,-73.97893499999998,40.63816,-73.98683,40.69988,0,WKD,B
229,W 41 ST / 8 AV,AMSTERDAM AV / W 129 ST,0.0,M104,51825,2320,2,2151.0,2245.0,,,-73.99011999999998,40.75655,-73.95504,40.814903,0,WKD,M
230,41 RD / MAIN ST,PALMETTO ST / WYCKOFF AV,0.0,Q58,51826,2008,2101,1843.0,1948.0,,,-73.829285,40.757393,-73.91077,40.699696,0,WKD,Q
231,1 AV / E 27 ST,SOUTH END AV / ALBANY ST,0.0,M9,51827,2200,2237,2055.0,2132.0,,,-73.97649399999997,40.739628,-74.016205,40.710278,0,WKD,M
232,E 126 ST / 2 AV,SOUTH ST / WHITEHALL ST,0.0,M15,51828,2250,0,2119.0,2225.0,,,-73.93245,40.80323,-74.01222,40.701607,0,WKD,M
233,6 AV / W 31 ST,W 178 ST / BROADWAY,0.0,M5,51829,915,1024,738.0,855.0,,,-73.98895999999998,40.74804,-73.937454,40.848263,0,WKD,M
234,COLLEGE PT BL / 15 AV,MERRICK BL / ARCHER AV,0.0,Q20A,51830,2250,2348,2125.0,2227.0,,,-73.8459,40.784027,-73.79332,40.704933,0,WKD,Q
235,PIKE ST / CHERRY ST,E 126 ST / 2 AV,0.0,M15,51831,1026,1138,824.0,950.0,,,-73.991936,40.71086,-73.93226999999997,40.80315,0,WKD,M
236,88 AV / PARSONS BL,BELMONT PARK / HEMPSTEAD AV,0.0,Q110,51832,2320,2348,2230.0,2255.0,,,-73.80234,40.70671,-73.72792,40.712273,0,WKD,Q
237,ALLEN ST / DELANCEY ST,WASHINGTON PLZ / LANE 1,0.0,B39,51833,1118,1124,1000.0,1012.0,,,-73.99046,40.719414,-73.95955,40.709732,0,WKD,B
238,QUENTIN RD / E 16 ST,GERRITSEN AV / GERRITSEN BCH,0.0,B31,51834,2327,2342,2255.0,2309.0,,,-73.95713,40.60843300000001,-73.91894,40.587135,0,WKD,B
239,L.I.J.MEDICAL RDWY / 271 ST,QUEENS BL / 78 CR,0.0,Q46,51835,1545,1628,1429.0,1517.0,,,-73.70640999999998,40.755062,-73.83123,40.714733,0,WKD,Q
240,4 AV / 87 ST,C ST / 1 AV,0.0,S93,51836,2158,2227,2112.0,2142.0,,,-74.0288,40.621918,-74.15179,40.598858,0,WKD,S
241,ARCHER AV / SUTPHIN BL,56 AV / 223 ST,0.0,Q30,51837,1039,1116,936.0,1018.0,,,-73.80783000000002,40.700512,-73.75709,40.753662,0,WKD,Q
242,MARGARET CORBIN DR / CLOISTERS,MADISON AV / E 32 ST,0.0,M4,51838,1434,1641,1212.0,1409.0,,,-73.93216,40.865547,-73.98371999999998,40.74654,0,WKD,M
243,W 96 ST / WEST END AV,E 97 ST / 1 AV,24.0,M96,51265,1601,1626,1522.0,1546.0,1641.0,1705.0,-73.97269,40.794933,-73.94478000000002,40.784206,0,WKD,M
244,WEST ST / CHRISTOPHER ST,AV D / LOOP,20.0,M8,51266,1010,1032,913.0,933.0,1112.0,1132.0,-74.01008,40.73285,-73.97454,40.72469,0,WKD,M
245,PIKE ST / CHERRY ST,E 126 ST / 2 AV,77.0,M15,51267,2009,2109,1816.0,1938.0,2147.0,2304.0,-73.991936,40.71086,-73.93226999999997,40.80315,0,WKD,M
246,E 60 ST / YORK AV,W 72 ST / BROADWAY,39.0,M57,51268,735,814,642.0,710.0,835.0,914.0,-73.95946500000002,40.75931,-73.982254,40.778763,0,WKD,M
247,ASTOR PL / 3 AV,W 146 ST / MALCOLM X  BLVD,97.0,M102,51269,1353,1544,1148.0,1331.0,1610.0,1747.0,-73.99005,40.72957,-73.93611999999997,40.8212,0,WKD,M
248,E 97 ST / 1 AV,W 96 ST / WEST END AV,18.0,M96,51270,1854,1916,1815.0,1833.0,1937.0,1955.0,-73.94549,40.784527,-73.97309,40.795105,0,WKD,M
249,CONVENT AV / W 129 ST,W 41 ST / 8 AV,52.0,M104,51271,651,738,450.0,518.0,820.0,912.0,-73.95318,40.814224,-73.98981500000002,40.75641,0,WKD,M
250,GRAND ST / FDR DR,VESEY ST / NORTH END AV,20.0,M22,51272,2120,2139,2000.0,2026.0,2200.0,2220.0,-73.97798,40.713264,-74.01536,40.714527,0,WKD,M
251,SOUNDVIEW AV / SOUNDVIEW FERRY,W FARMS RD / HOE AV,26.0,BX27,51545,657,727,618.0,637.0,754.0,820.0,-73.8488,40.805744,-73.89116,40.825504,0,WKD,BX
252,RIVERDALE AV / W 263 ST,ST NICHOLAS AV / W 167 ST,49.0,BX7,51546,729,826,627.0,710.0,848.0,937.0,-73.902695,40.912365,-73.93974,40.839813,0,WKD,BX
253,BOERUM PL / SCHERMERHORN ST,28 ST / QUEENS PLZ S,66.0,B62,51547,1132,1241,951.0,1057.0,1311.0,1417.0,-73.98939,40.690594,-73.93915600000003,40.749577,0,WKD,B
254,ARCHER AV / SUTPHIN BL,FRANCIS LEWIS BL / 27 AV,51.0,Q31,51548,1920,2012,1750.0,1849.0,2040.0,2131.0,-73.80783000000002,40.700512,-73.79500999999998,40.772594,0,WKD,Q
255,74 ST - ROOSEVELT AV T / Q49 STOP,31 AV / 102 ST,24.0,Q49,47491,1620,1643,1536.0,1600.0,1700.0,1724.0,-73.89075,40.74659000000001,-73.86703,40.76132,0,WKD,Q
256,E 241 ST / CRANFORD AVE,SOUNDVIEW AV / CORNELL AV,0.0,BX39,51840,2325,8,2215.0,2306.0,,,-73.8497,40.903217,-73.85233000000002,40.80754500000001,0,WKD,BX
257,ROOSEVELT AV / MAIN ST,EARHART LA / ERSKINE PL,55.0,Q50,47503,1535,1634,1415.0,1509.0,1700.0,1755.0,-73.83073399999998,40.759354,-73.82268,40.861275,0,WKD,BX
258,ROOSEVELT AV / MAIN ST,EARHART LA / ERSKINE PL,53.0,Q50,47507,1035,1129,910.0,1000.0,1200.0,1253.0,-73.83073399999998,40.759354,-73.82268,40.861275,0,WKD,BX
259,L.I.J.MEDICAL RDWY / 271 ST,QUEENS BL / 78 CR,0.0,Q46,51839,2322,2353,2219.0,2259.0,,,-73.70640999999998,40.755062,-73.83123,40.714733,0,WKD,Q
260,MERRICK BL / JAMAICA AV,138 ST / 37 AV,59.0,Q17,51550,1637,1730,1507.0,1610.0,1753.0,1852.0,-73.794,40.70589,-73.82954000000002,40.76175,0,WKD,Q
261,RIVERBANK / STATE PARK,SOUTHERN BL / BOTANICAL GARDENS,66.0,BX19,51551,1658,1820,1516.0,1640.0,1855.0,2001.0,-73.955505,40.82665,-73.88067,40.861202,0,WKD,BX
262,PALMETTO ST / MYRTLE AV,41 RD / MAIN ST,61.0,Q58,51552,751,901,625.0,722.0,918.0,1019.0,-73.910255,40.700176,-73.82937,40.757362,0,WKD,Q
263,SEAGIRT BL / CREST RD,HILLSIDE AV / PARSONS BL,53.0,Q113,51553,1123,1220,938.0,1029.0,1250.0,1343.0,-73.75569,40.59506,-73.80332,40.707504,0,WKD,Q
264,ROOSEVELT AV / MAIN ST,27 AV / 2 ST,35.0,Q19,46631,1010,1044,905.0,943.0,1125.0,1200.0,-73.83073399999998,40.759354,-73.93513,40.77536,0,WKD,Q
265,WYCKOFF AV / DE KALB AV,GATEWAY CTR TERM / GATEWAY DR,68.0,B13,51554,1130,1235,1010.0,1114.0,1310.0,1418.0,-73.919365,40.704323,-73.876755,40.65282,0,WKD,B
266,165 ST TERM / Q6 STAND,EASTERN RD / BLDG 77 HALMAR,29.0,Q6,51555,2240,2313,2140.0,2213.0,2355.0,24.0,-73.79553,40.707092,-73.7655,40.65257,0,WKD,Q
267,ROCKAWAY PKWY / GLENWOOD RD,ROCKAWAY PY / SCHENCK ST,12.0,B42,51556,904,915,835.0,847.0,938.0,950.0,-73.90298,40.645863,-73.88729000000002,40.631428,0,WKD,B
268,CADMAN PLAZA WEST / JOHNSON ST,Flatbush Av / Av U,78.0,B41,51557,1127,1238,942.0,1059.0,1259.0,1417.0,-73.99083,40.695538,-73.92151,40.60921,0,WKD,B
269,LANE AV / BENSON AV,E 149 ST / BERGEN AV,44.0,BX4A,51558,1817,1903,1704.0,1757.0,1926.0,2010.0,-73.843285,40.840797,-73.91664,40.815666,0,WKD,BX
270,74 ST - ROOSEVELT AV T / Q49 STOP,31 AV / 102 ST,24.0,Q49,51559,1545,1608,1500.0,1524.0,1630.0,1654.0,-73.89075,40.74659000000001,-73.86703,40.76132,0,WKD,Q
271,41 RD / MAIN ST,PALMETTO ST / WYCKOFF AV,79.0,Q58,51560,1512,1628,1337.0,1453.0,1652.0,1811.0,-73.829285,40.757393,-73.91077,40.699696,0,WKD,Q
272,BROADWAY / W 219 ST,E 127 ST / 2 AV,74.0,M100,51561,651,809,532.0,625.0,828.0,942.0,-73.91309,40.87177,-73.93278000000002,40.80406,0,WKD,M
273,LEXINGTON AV / E 125 ST,SUNKEN GARDEN LOOP / Charles Gay CTR,9.0,M35,51562,2155,2203,2119.0,2129.0,2223.0,2232.0,-73.937416,40.80458,-73.93084,40.785095,0,WKD,M
274,164 AV / 92 ST,HOFFMAN DR / WOODHAVEN BL,37.0,Q21,46641,855,946,740.0,817.0,1010.0,1047.0,-73.83869,40.650757,-73.8713,40.73318,0,WKD,Q
275,FLATBUSH AV / KINGS PLAZA,CADMAN PZ W / JOHNSON ST,59.0,B41,51564,744,857,,,925.0,1024.0,-73.92154000000002,40.609253,-73.99078,40.695408,0,WKD,B
276,SOUTH ST / WHITEHALL ST,E 126 ST / 2 AV,54.0,M15,51565,400,446,,,508.0,602.0,-74.01249,40.701534,-73.93226999999997,40.80315,0,WKD,M
277,RIVERDALE AV / W 263 ST,ST NICHOLAS AV / W 167 ST,60.0,BX7,51549,1402,1502,1248.0,1344.0,1528.0,1628.0,-73.902695,40.912365,-73.93974,40.839813,0,WKD,BX
278,KEW GARDENS RD / 80 RD,JFK AIRPORT / TERMINAL 5 AirTrain ST,44.0,Q10,47515,728,815,633.0,710.0,840.0,924.0,-73.830246,40.71364000000001,-73.77981,40.64741,0,WKD,Q
279,HAZEN ST / 19 AV,E 60 ST / 2 AV,31.0,Q101,51311,2000,2030,1910.0,1941.0,2100.0,2131.0,-73.89329000000002,40.77357,-73.963646,40.761215,0,WKD,Q
280,SENECA AV / CORNELIA ST,CADMAN PLZ W / TILLARY ST,46.0,B38,51312,1033,1126,922.0,1010.0,1147.0,1233.0,-73.90459,40.70102,-73.991035,40.696102,0,WKD,B
281,SUTPHIN BL / 94 AV,POPPENHUSEN AV / 119 ST,71.0,Q25,51313,1545,1652,1412.0,1526.0,1712.0,1823.0,-73.80708,40.69914,-73.8506,40.79199000000001,0,WKD,Q
282,WASHINGTON PLZ / LANE 2,WILLIAMS AV / FLATLANDS AV,73.0,B60,51314,753,911,615.0,730.0,932.0,1045.0,-73.95942,40.709488,-73.89168000000002,40.65035200000001,0,WKD,B
283,235 ST / LINDEN BL,TEARDROP / LAYOVER,32.0,Q4,51316,2128,2157,2031.0,2106.0,2213.0,2245.0,-73.72748,40.69037,-73.80299000000002,40.701298,0,WKD,Q
284,BROADWAY / 179 ST,W 238 ST / BROADWAY,40.0,BX3,51317,1340,1416,1247.0,1320.0,1432.0,1512.0,-73.9365,40.849327,-73.90043,40.885082,0,WKD,BX
285,MERRICK BL / JAMAICA AV,138 ST / 37 AV,48.0,Q17,51566,1739,1826,,,1842.0,1930.0,-73.794,40.70589,-73.82954000000002,40.76175,0,WKD,Q
286,SHORE RD / MACKAY PL,STILLWELL AV / MERMAID AV,47.0,B64,51567,530,610,,,632.0,719.0,-74.036026,40.637203,-73.98099,40.57684,0,WKD,B
287,EARHART LA / ERSKINE PL,E 206 ST / ROCHAMBEAU AV,50.0,BX30,51568,515,553,,,620.0,710.0,-73.822716,40.861336,-73.88051999999998,40.874924,0,WKD,BX
288,LGA / MARINE AIR TERMINAL (T,COOPER AV / 81 ST,57.0,Q47,51569,555,639,,,655.0,752.0,-73.8862,40.772953,-73.86925500000002,40.709545,0,WKD,Q
289,HORACE HARDING EXP / OTIS AV,62 DR / 108 ST,54.0,Q38,51570,620,715,,,744.0,838.0,-73.85675,40.736675,-73.850815,40.735786,0,WKD,Q
290,BROADWAY / W 219 ST,E 127 ST / 2 AV,53.0,M100,51571,410,502,,,532.0,625.0,-73.91309,40.87177,-73.93278000000002,40.80406,0,WKD,M
291,FLATBUSH AV / KINGS PLAZA,CADMAN PZ W / JOHNSON ST,56.0,B41,51572,532,623,,,645.0,741.0,-73.92154000000002,40.609253,-73.99078,40.695408,0,WKD,B
292,227 ST / 113 DR,153 ST / HILLSIDE AV,26.0,Q83,51573,524,551,,,615.0,641.0,-73.73034,40.702263,-73.80417,40.706768,0,WKD,Q
293,28 ST / QUEENS PLZ S,39 AV / MAIN ST,41.0,Q66,51574,355,436,,,500.0,541.0,-73.93925,40.7497,-73.8308,40.760258,0,WKD,Q
294,CROPSEY AV AV / BAY 37 ST,LIVONIA AV / ASHFORD ST,85.0,B6,51575,651,811,,,829.0,954.0,-73.99398000000002,40.59347,-73.883385,40.66642,0,WKD,B
295,ST CLAIRE PL / W 125 ST,3 AV / E FORDHAM RD,82.0,BX15,51576,555,643,,,707.0,829.0,-73.95978000000002,40.817062,-73.89027,40.860992,0,WKD,BX
296,SENECA AV / CORNELIA ST,CADMAN PLZ W / TILLARY ST,51.0,B38,51577,700,750,,,817.0,908.0,-73.90459,40.70102,-73.991035,40.696102,0,WKD,B
297,235 ST / LINDEN BL,TEARDROP / LAYOVER,33.0,Q4,51578,649,719,,,737.0,810.0,-73.72748,40.69037,-73.80299000000002,40.701298,0,WKD,Q
298,AV U / E 54 ST,MARCUS GARVEY BL / BROADWAY,53.0,B47,51579,505,548,,,615.0,708.0,-73.92041,40.611008,-73.94147,40.69975,0,WKD,B
299,TEARDROP / LAYOVER,235 ST / LINDEN BL,30.0,Q4,51580,408,432,,,456.0,526.0,-73.802925,40.701317,-73.72738000000003,40.690662,0,WKD,Q
300,PALMETTO ST / MYRTLE AV,41 RD / MAIN ST,58.0,Q58,51581,1651,1800,,,1821.0,1919.0,-73.910255,40.700176,-73.82937,40.757362,0,WKD,Q
301,E 41 ST / 1 AV,12 AV / W 42 ST,15.0,M42,51582,339,352,,,508.0,523.0,-73.969574,40.747864,-74.00097,40.762547,0,WKD,M
302,MERRICK BL / JAMAICA AV,138 ST / 37 AV,53.0,Q17,51583,1709,1756,,,1815.0,1908.0,-73.794,40.70589,-73.82954000000002,40.76175,0,WKD,Q
303,CROPSEY AV AV / BAY 37 ST,LIVONIA AV / ASHFORD ST,72.0,B6,51584,404,454,,,512.0,624.0,-73.99398000000002,40.59347,-73.883385,40.66642,0,WKD,B
304,LINCOLN RD / FLATBUSH AV,SHORE RD / 4 AV,72.0,B16,51585,537,622,,,644.0,756.0,-73.961464,40.660843,-74.03506999999998,40.611717,0,WKD,B
305,FLATBUSH AV / KINGS PLAZA,CADMAN PZ W / JOHNSON ST,56.0,B41,51586,638,729,,,748.0,844.0,-73.92154000000002,40.609253,-73.99078,40.695408,0,WKD,B
306,138 ST / 37 AV,SPRINGFIELD BL / 119 AV,61.0,Q27,51587,719,823,,,846.0,947.0,-73.82955,40.761806,-73.74521999999997,40.692406,0,WKD,Q
307,BROADWAY / ISHAM ST-W 211 ST,HENRY HUDSON PKY E / W 246 ST,28.0,BX20,51588,657,716,,,741.0,809.0,-73.91951999999998,40.868137,-73.90791999999998,40.89349,0,WKD,BX
308,44 DR / 21 ST,BROADWAY / ROEBLING ST,26.0,B32,51589,730,752,,,820.0,846.0,-73.94751,40.747883,-73.960396,40.70933,0,WKD,B
309,BROADWAY / 179 ST,W 238 ST / BROADWAY,33.0,BX3,51879,1206,1241,1115.0,1148.0,1300.0,1333.0,-73.9365,40.849327,-73.90043,40.885082,0,WKD,BX
310,PROSPECT AV / WESTCHESTER AV,FOOD CENTER DR / TERMINAL,15.0,BX46,51880,1530,1550,1430.0,1445.0,1630.0,1645.0,-73.90185,40.819317,-73.87608,40.810093,0,WKD,BX
311,RIVERSIDE DR W / 157-10 RIVERSIDE DR W,FOOD CENTER DR / TERMINAL,58.0,BX6,51881,1556,1659,1434.0,1531.0,1714.0,1812.0,-73.94843,40.83631,-73.87608,40.810093,0,WKD,BX
312,ALABAMA AV / FULTON ST,FRONT ST / YORK ST,51.0,B25,51882,2145,2231,2020.0,2123.0,2302.0,2353.0,-73.89994,40.676743,-73.99202,40.70255,0,WKD,B
313,SPRINGFIELD BL / 119 AV,138 ST / 37 AV,71.0,Q27,51883,1225,1333,1059.0,1205.0,1352.0,1503.0,-73.745094,40.69274,-73.82954000000002,40.76175,0,WKD,Q
314,MARCONI ST / 911 CALL CENTER,RESEARCH AV / AMPERE AV,27.0,BX24,51884,1229,1300,1100.0,1124.0,1330.0,1357.0,-73.83773000000002,40.8551,-73.819244,40.84601,0,WKD,BX
315,TEARDROP / LAYOVER,FRANCIS LEWIS BL / SUNRISE HY,28.0,Q5,51885,2156,2234,2059.0,2130.0,2259.0,2327.0,-73.802925,40.701317,-73.73594,40.66601,0,WKD,Q
316,STATE ST / WHITEHALL ST,W 44 St / 6 AV,56.0,M55,51886,1508,1559,1350.0,1442.0,1625.0,1721.0,-74.01305,40.70242,-73.983,40.755985,0,WKD,M
317,W FARMS RD / WESTCHESTER AV,SOUNDVIEW AV / SOUNDVIEW FERRY,25.0,BX27,51887,928,952,841.0,908.0,1016.0,1041.0,-73.89144,40.82497,-73.84883,40.805695,0,WKD,BX
318,HILLSIDE AV / 268 ST,ARCHER AV / SUTPHIN PL,40.0,Q43,51888,1854,1938,1604.0,1654.0,2024.0,2104.0,-73.70187,40.73877,-73.80784,40.70049,0,WKD,Q
319,SEDGWICK AV / HARLEM RIVER BRIDGE,E 170 ST / GRAND CONCOURSE,19.0,BX18,51889,2055,2106,2011.0,2035.0,2136.0,2155.0,-73.92066,40.85202,-73.91358000000002,40.838512,0,WKD,BX
320,KNAPP ST / HARKNESS AV,NARROWS AV / 77 ST,75.0,B4,51319,1750,1910,1557.0,1722.0,1940.0,2055.0,-73.931595,40.58644,-74.03641,40.631718,0,WKD,B
321,CONVENT AV / W 129 ST,W 41 ST / 8 AV,58.0,M104,51320,1614,1724,1423.0,1521.0,1745.0,1843.0,-73.95318,40.814224,-73.98981500000002,40.75641,0,WKD,M
322,PALMETTO ST / ST NICHOLAS AV,JAY ST / MYRTLE PLZ,37.0,B54,51321,1953,2030,1848.0,1932.0,2101.0,2138.0,-73.91023,40.70042,-73.98711999999998,40.69449,0,WKD,B
323,82 ST / ROOSEVELT AV,81 ST / MYRTLE AV,24.0,Q29,51322,2010,2036,1920.0,1947.0,2100.0,2124.0,-73.884,40.74739,-73.86723,40.703304,0,WKD,Q
324,88 AV / PARSONS BL,BELMONT PARK / HEMPSTEAD AV,25.0,Q110,51323,2240,2308,2150.0,2215.0,2330.0,2355.0,-73.80234,40.70671,-73.72792,40.712273,0,WKD,Q
325,27 AV / 2 ST,69 ST / GRAND AV,38.0,Q18,51324,1844,1927,1735.0,1821.0,2000.0,2038.0,-73.93493000000002,40.775143,-73.89526,40.726376,0,WKD,Q
326,PARSONS BL / 88 AV,SEAGIRT BL / BEACH 20 ST,51.0,Q113,51325,1648,1744,1537.0,1629.0,1812.0,1903.0,-73.80224,40.70643,-73.754745,40.595383,0,WKD,Q
327,HORACE HARDING EXP / OTIS AV,62 DR / 108 ST,59.0,Q38,51326,1340,1436,1220.0,1311.0,1500.0,1559.0,-73.85675,40.736675,-73.850815,40.735786,0,WKD,Q
328,LGA / MARINE AIR TERMINAL (T,COOPER AV / 81 ST,55.0,Q47,51327,1452,1555,1330.0,1425.0,1615.0,1710.0,-73.8862,40.772953,-73.86925500000002,40.709545,0,WKD,Q
329,HEMPSTEAD AV / 225 ST,165 ST / 165 ST TERM,34.0,Q2,51328,1446,1520,1350.0,1423.0,1539.0,1613.0,-73.72904,40.711704,-73.79524,40.707657,0,WKD,Q
330,243 ST / 147 AV,TEARDROP / LAYOVER,53.0,Q85,51329,1314,1358,1158.0,1242.0,1423.0,1516.0,-73.74122,40.657738,-73.80299000000002,40.701298,0,WKD,Q
331,E 16 ST / KINGS HWY,NATIONAL DR / MILL AV,26.0,B100,47053,1553,1620,1508.0,1534.0,1636.0,1702.0,-73.95736,40.60844,-73.91589,40.606857,0,WKD,B
332,87 ST / 4 Av,ORIENTAL BL / MACKENZIE ST,37.0,B1,51330,2158,2243,2055.0,2139.0,2310.0,2347.0,-74.02849599999998,40.621925,-73.94021,40.578007,0,WKD,B
333,FRED DOUGLASS BL / W 158 ST,BROADWAY / WEST 57 ST,50.0,M10,51331,821,919,707.0,752.0,1007.0,1057.0,-73.93599,40.83095,-73.98196999999998,40.76653,0,WKD,M
334,PLEASANT AV / E 120 ST,W 106 ST / BROADWAY,20.0,M116,51332,2305,2322,2207.0,2229.0,2354.0,14.0,-73.931694,40.79725,-73.9676,40.801327,0,WKD,M
335,SOUTH END AV / ALBANY ST,1 AV / E 26 ST,50.0,M9,51333,814,906,702.0,747.0,935.0,1025.0,-74.01576,40.71147,-73.97711,40.738625,0,WKD,M
336,4 AV / E 10 ST,W 168 ST / AUDUBON AV,101.0,M2,51334,1416,1557,1149.0,1336.0,1613.0,1754.0,-73.99029,40.731342,-73.93843000000003,40.84058,0,WKD,M
337,E 97 ST / 1 AV,W 96 ST / WEST END AV,21.0,M96,51335,824,846,743.0,806.0,906.0,927.0,-73.94549,40.784527,-73.97309,40.795105,0,WKD,M
338,W 238 ST / BROADWAY,BROADWAY / W 179 ST,34.0,BX3,51318,1918,1952,1820.0,1900.0,2007.0,2041.0,-73.90048,40.884968,-73.93689,40.84901,0,WKD,BX
339,BEACH 21 ST TERMINAL / BEACH 21 ST,B 116 ST / NEWPORT AV,38.0,Q22,46666,1318,1353,1210.0,1245.0,1410.0,1448.0,-73.75399999999998,40.603905,-73.83824,40.581272,0,WKD,Q
340,LINCOLN RD / FLATBUSH AV,MEEKER AV / STEWART AV,56.0,B48,51890,710,812,555.0,639.0,835.0,931.0,-73.96236400000002,40.660664,-73.934326,40.726635,0,WKD,B
341,FORDHAM PLAZA / BUS TERMINAL,E 135 ST / ST ANN S AV,39.0,BX17,51891,510,541,415.0,443.0,620.0,659.0,-73.890884,40.860237,-73.91855,40.804848,0,WKD,BX
342,3 AV / E FORDHAM RD,3 AV / E 150 ST,30.0,BX15,51892,651,719,610.0,634.0,738.0,808.0,-73.89069,40.86060300000001,-73.91754,40.816143,0,WKD,BX
343,RIKERS ISLAND RDY / RIKERS ISLAND,QUEENS PLZ S / 27 ST,25.0,Q100,47548,1245,1311,1148.0,1215.0,1333.0,1358.0,-73.88445,40.787422,-73.939705,40.75012,0,WKD,Q
344,ROCKAWAY PKWY / GLENWOOD RD,ROCKAWAY PY / SCHENCK ST,12.0,B42,51893,936,947,906.0,918.0,1008.0,1020.0,-73.90298,40.645863,-73.88729000000002,40.631428,0,WKD,B
345,WASHINGTON PL / LANE 6,GREENPOINT AV / MANHATTAN AV,42.0,B24,51354,925,1006,800.0,839.0,1100.0,1142.0,-73.95984,40.70912,-73.954575,40.730087,0,SATURDAY,B
346,METROPOLITAN AV / STARR ST,CADMAN PLZ W / TILLARY ST,54.0,B38,51355,1423,1514,1313.0,1402.0,1537.0,1631.0,-73.91431,40.713352,-73.991035,40.696102,0,SATURDAY,B
347,AMBOY LA / SPRINGFIELD BL,92 ST / 59 AV,40.0,Q88,51356,800,839,700.0,740.0,905.0,945.0,-73.73563,40.717834,-73.86959,40.73498,0,SATURDAY,Q
348,STATE ST / WHITEHALL ST,BROADWAY / W 64 ST,53.0,M20,51357,1805,1911,1630.0,1730.0,1955.0,2048.0,-74.01305,40.70242,-73.98236999999997,40.771797,0,SATURDAY,M
349,108 ST / QUEENS BL,JEWEL AV / 164 ST,15.0,Q64,51358,1953,2010,1910.0,1925.0,2040.0,2055.0,-73.84395,40.721783,-73.80530999999998,40.73182,0,SATURDAY,Q
350,GATEWAY CTR TERMINAL / GATEWAY DR,165 ST TERM / MTA BUS STAND,59.0,Q8,51359,1659,1806,1536.0,1640.0,1826.0,1925.0,-73.87621999999998,40.652794,-73.79544,40.707226,0,SATURDAY,Q
351,GRAND ST / FDR DRIVE,WASHINGTON ST / W HOUSTON ST,20.0,M21,51360,1200,1224,1100.0,1120.0,1300.0,1320.0,-73.97779,40.71336,-74.00971,40.72725,0,SATURDAY,M
352,SHORE RD / MACKAY PL,STILLWELL AV / MERMAID AV,47.0,B64,51361,1041,1125,934.0,1019.0,1146.0,1233.0,-74.036026,40.637203,-73.98099,40.57684,0,SATURDAY,B
353,WEST SHORE PLAZA / CHELSEA ST,ST GEORGE FERRY / ST GEORGE FERRY,42.0,S46,51362,1055,1139,930.0,1012.0,1200.0,1242.0,-74.1907,40.60204,-74.07313,40.64357800000001,0,SATURDAY,S
354,WYCKOFF AV / DE KALB AV,GATEWAY CTR TERM / GATEWAY DR,66.0,B13,51363,721,818,552.0,646.0,859.0,1005.0,-73.919365,40.704323,-73.876755,40.65282,0,SATURDAY,B
355,BETHUNE ST / GREENWICH ST,RIVERBANK / STATE PARK,74.0,M11,51364,1631,1740,1445.0,1602.0,1800.0,1914.0,-74.00636,40.736988,-73.95538,40.826817,0,SATURDAY,M
356,FLATBUSH AV / E 31 ST,58 ST / 1 AV,43.0,B11,51365,1414,1457,1309.0,1352.0,1514.0,1557.0,-73.94672,40.632065,-74.02351999999998,40.645615,0,SATURDAY,B
357,135 AV / 142 ST,88 AV / SUTPHIN BL,19.0,Q40,51366,2200,2221,2100.0,2122.0,2300.0,2319.0,-73.79683,40.668175,-73.80904,40.70486500000001,0,SATURDAY,Q
358,YUKON AV / KMART DWY,ST GEORGE FERRY / ST GEORGE FERRY,52.0,S44,51367,1025,1116,915.0,1003.0,1145.0,1237.0,-74.16715,40.575645,-74.073135,40.643715,0,SATURDAY,S
359,138 ST / 37 AV,MERRICK BL / JAMAICA AVE,48.0,Q17,51353,940,1023,833.0,919.0,1038.0,1126.0,-73.82955,40.761806,-73.794014,40.705914,0,SATURDAY,Q
360,ST GEORGE FERRY / S44 & S94,YUKON AV / KMART DRWY,57.0,S44,51369,1545,1639,1425.0,1521.0,1655.0,1752.0,-74.07343,40.64361,-74.16768,40.575935,0,SATURDAY,S
361,237 ST / 129 AV,ARCHER AV / 153 ST,27.0,Q84,51368,2050,2115,1950.0,2019.0,2150.0,2217.0,-73.73025,40.680138,-73.80141,40.702137,0,SATURDAY,Q
362,W 179 ST / BROADWAY,OLMSTEAD AV / SEWARD AV,78.0,BX36,51673,1230,1343,1055.0,1204.0,1403.0,1521.0,-73.93775,40.849113,-73.85163,40.820503,0,SATURDAY,BX
363,MARCUS GARVEY BLVD / BROADWAY,AV U / E 54 ST,64.0,B47,51674,1011,1110,900.0,954.0,1142.0,1246.0,-73.94144,40.69957700000001,-73.92041,40.611008,0,SATURDAY,B
364,SEAGIRT BL / CREST RD,HILLSIDE AV / PARSONS BL,61.0,Q114,51675,2030,2130,1836.0,1939.0,2150.0,2251.0,-73.75569,40.59506,-73.80332,40.707504,0,SATURDAY,Q
365,W 41 ST / 8 AV,AMSTERDAM AV / W 129 ST,60.0,M104,51676,1830,1923,1624.0,1729.0,1944.0,2044.0,-73.99011999999998,40.75655,-73.95504,40.814903,0,SATURDAY,M
366,PROSPECT PK SW / BARTEL PRITCHARD SQ,STILLWELL / TERMINAL,59.0,B68,51677,1526,1621,1412.0,1511.0,1643.0,1742.0,-73.97941,40.6607,-73.981026,40.576862,0,SATURDAY,B
367,PLEASANT AV / E 120 ST,W 106 ST / BROADWAY,28.0,M116,51678,1945,2012,1856.0,1926.0,2044.0,2112.0,-73.931694,40.79725,-73.9676,40.801327,0,SATURDAY,M
368,BARTOW AV / CO-OP CITY BL,CITY ISLAND AV / ROCHELLE ST,21.0,BX29,51679,2242,2302,2141.0,2202.0,2341.0,2.0,-73.825874,40.86928,-73.78363,40.83905,0,SATURDAY,BX
369,BROADWAY / W 262 ST,BOSTON RD / E 178 ST,65.0,BX9,51680,1337,1439,1210.0,1312.0,1500.0,1605.0,-73.89673,40.910103,-73.87948,40.840916,0,SATURDAY,BX
370,WYCKOFF ST / PALMETTO ST,CADMAN PZ W / TILLARY ST,58.0,B26,51681,1236,1330,1120.0,1215.0,1350.0,1448.0,-73.91048,40.699154,-73.99041,40.693867,0,SATURDAY,B
371,3 AV / 149 ST,WHITE PLAINS RD / E GUN HILL RD,36.0,BX41,51682,2222,2303,2118.0,2201.0,2331.0,7.0,-73.917816,40.815907,-73.86626,40.877888,0,SATURDAY,BX
372,GREENPOINT AV / MANHATTAN AV,WASHINGTON PL / LANE 6,51.0,B24,51683,1430,1515,1255.0,1342.0,1555.0,1646.0,-73.95444499999998,40.730103,-73.95978000000002,40.709095,0,SATURDAY,B
373,HILLSIDE AV / 268 ST,ARCHER AV / SUTPHIN PL,40.0,Q43,51684,1257,1338,1200.0,1240.0,1400.0,1440.0,-73.70187,40.73877,-73.80784,40.70049,0,SATURDAY,Q
374,E 67 ST / YORK AV,W 66 ST / WEST END AV,20.0,M66,51686,1719,1740,1633.0,1655.0,1803.0,1823.0,-73.9563,40.76391,-73.98680999999998,40.775906,0,SATURDAY,M
375,FRONT ST / YORK ST,EAST NEW YORK AV / ALABAMA AV,56.0,B25,51687,1503,1606,1349.0,1445.0,1621.0,1717.0,-73.99191,40.70251,-73.90012,40.67672,0,SATURDAY,B
376,48 ST / QUEENS BL,11 ST / 34 AV,22.0,Q104,51688,1935,1957,1830.0,1853.0,2100.0,2122.0,-73.91691,40.74332,-73.93765,40.764744,0,SATURDAY,Q
377,WESTCHESTER AV / LANE  AV,E 136 ST / LINCOLN AV,54.0,BX21,51689,1841,1938,1726.0,1823.0,2002.0,2056.0,-73.84325,40.839943,-73.92836,40.80965,0,SATURDAY,BX
378,256 ST / JERICHO TPKE,165 ST / 165 ST TERM,33.0,Q36,51690,1925,1956,1824.0,1900.0,2024.0,2057.0,-73.70869,40.727776,-73.79524,40.707657,0,SATURDAY,Q
379,SUTPHIN BL / 94 AV,POPPENHUSEN AV / 119 ST,74.0,Q25,51691,1400,1516,1220.0,1333.0,1540.0,1654.0,-73.80708,40.69914,-73.8506,40.79199000000001,0,SATURDAY,Q
380,LINCOLN AV / E 138 ST,WESTCHESTER AV / BENSON ST,60.0,BX21,51685,1108,1201,953.0,1048.0,1341.0,1441.0,-73.927155,40.8109,-73.84315,40.839817,0,SATURDAY,BX
381,PROSPECT AV / WESTCHESTER AV,FOOD CENTER DR / TERMINAL,11.0,BX46,51428,2100,2130,2005.0,2016.0,2205.0,2216.0,-73.90185,40.819317,-73.87608,40.810093,0,SATURDAY,BX
382,256 ST / JERICHO TPKE,165 ST / 165 ST TERM,36.0,Q36,51429,1515,1548,1415.0,1451.0,1615.0,1651.0,-73.70869,40.727776,-73.79524,40.707657,0,SATURDAY,Q
383,58 ST / 1 Av,NOSTRAND AVE / AVENUE H,43.0,B11,51430,900,943,755.0,835.0,1005.0,1048.0,-74.0232,40.64542,-73.94773,40.632008,0,SATURDAY,B
384,PARSONS BL / 88 AV,SEAGIRT BL / BEACH 20 ST,66.0,Q114,51431,1012,1116,856.0,955.0,1208.0,1314.0,-73.80224,40.70643,-73.754745,40.595383,0,SATURDAY,Q
385,VALENTINE AV / E FORDHAM RD,KATONAH AV / E 242 ST,28.0,BX34,51432,1100,1124,1000.0,1026.0,1200.0,1228.0,-73.89586,40.86243,-73.86813000000002,40.902584,0,SATURDAY,BX
386,AV U / E 54 ST,MARCUS GARVEY BL / BROADWAY,61.0,B47,51433,1552,1656,1423.0,1527.0,1721.0,1822.0,-73.92041,40.611008,-73.94147,40.69975,0,SATURDAY,B
387,LINCOLN AV / E 137 ST,SEDGWICK AV / FT INDEPENDENCE ST,67.0,BX2,51434,1709,1823,1536.0,1646.0,1844.0,1951.0,-73.92827,40.809616,-73.89792,40.87865,0,SATURDAY,BX
388,KEW GARDENS RD / 80 RD,JFK AIRPORT / TERMINAL 5 AirTrain ST,35.0,Q10,51435,1352,1428,1254.0,1329.0,1454.0,1529.0,-73.830246,40.71364000000001,-73.77981,40.64741,0,SATURDAY,Q
389,JFK TERMINAL 5 / AIR TRAIN STATION,MARCUS GARVEY BL / BROADWAY,81.0,B15,51436,1805,1929,1605.0,1731.0,1949.0,2110.0,-73.779884,40.647465,-73.94147,40.69975,0,SATURDAY,B
390,ST JOHN S PL / RALPH AV,SMITH ST / LIVINGSTON ST,38.0,B65,51437,1758,1838,1657.0,1738.0,1857.0,1935.0,-73.92385,40.670246,-73.98788499999998,40.69043,0,SATURDAY,B
391,SEDGWICK AV / FT INDEPENDENCE ST,E 136 ST / LINCOLN AV,74.0,BX2,51438,1300,1412,1121.0,1231.0,1433.0,1547.0,-73.89775,40.87863,-73.92836,40.80965,0,SATURDAY,BX
392,SEDGWICK AV / FT INDEPENDENCE ST,E 136 ST / LINCOLN AV,73.0,BX2,51439,1648,1758,1509.0,1623.0,1822.0,1935.0,-73.89775,40.87863,-73.92836,40.80965,0,SATURDAY,BX
393,FLATLANDS AV / WILLIAMS AV,FLATBUSH AV / E 31 ST,32.0,B103,46912,1305,1339,1215.0,1246.0,1401.0,1433.0,-73.89152,40.650032,-73.94672,40.632065,0,SATURDAY,B
394,SENECA AV / CORNELIA ST,CADMAN PLZ W / TILLARY ST,44.0,B38,51441,915,1000,810.0,854.0,1020.0,1104.0,-73.90459,40.70102,-73.991035,40.696102,0,SATURDAY,B
395,LIVINGSTON ST / COURT ST,RALPH AV / ST JOHNS PL,39.0,B45,51442,1855,1940,1750.0,1836.0,2005.0,2044.0,-73.99088,40.69134,-73.92254,40.6702,0,SATURDAY,B
396,JAMAICA AV / 170 ST,WASHINGTON PLZ / BAY 3,77.0,Q54,51443,1517,1630,1335.0,1457.0,1705.0,1822.0,-73.78958,40.707287,-73.95952,40.70950300000001,0,SATURDAY,Q
397,ARCHER AV / SUTPHIN BL,HILLSIDE AV / 267 ST,35.0,Q43,51444,2124,2202,2020.0,2055.0,2220.0,2255.0,-73.80781999999998,40.700504,-73.701454,40.738705,0,SATURDAY,Q
398,ROOSEVELT AV / MAIN ST,27 AV / 2 ST,28.0,Q19,51445,730,759,615.0,643.0,845.0,913.0,-73.83073399999998,40.759354,-73.93513,40.77536,0,SATURDAY,Q
399,UNION TPK / KEW GARDENS RD,135 RD / 130 PL,27.0,Q37,51440,1940,2014,1830.0,1902.0,2100.0,2127.0,-73.831215,40.714035,-73.80873000000003,40.667664,0,SATURDAY,Q
400,L.I.J.MEDICAL RDWY / 271 ST,QUEENS BL / 78 CR,41.0,Q46,51624,1049,1127,948.0,1029.0,1145.0,1226.0,-73.70640999999998,40.755062,-73.83123,40.714733,0,SUNDAY,Q
401,HAZEN ST / 19 AV,E 60 ST / 2 AV,29.0,Q101,51625,1645,1716,1600.0,1629.0,1800.0,1829.0,-73.89329000000002,40.77357,-73.963646,40.761215,0,SUNDAY,Q
402,RIVERBANK / STATE PARK,SOUTHERN BL / BOTANICAL GARDENS,68.0,BX19,51626,1533,1642,1404.0,1515.0,1717.0,1825.0,-73.955505,40.82665,-73.88067,40.861202,0,SUNDAY,BX
403,CITY ISLAND AV / ROCHELLE ST,CO-OP CITY BL / Bartow Av,24.0,BX29,51627,1738,1806,1616.0,1638.0,1840.0,1904.0,-73.78325,40.83918,-73.82646,40.86882,0,SUNDAY,BX
404,NATIONAL DR / MILL AV,E 16 ST / KINGS HWY,23.0,B100,47083,1000,1026,900.0,923.0,1130.0,1153.0,-73.91594,40.606945,-73.95740500000002,40.608936,0,SUNDAY,B
405,EASTERN RD / BLDG 77 HALMAR,165 ST TERM / MTA BUS STAND,41.0,Q6,47094,1530,1611,1429.0,1510.0,1630.0,1711.0,-73.765366,40.65264000000001,-73.79544,40.707226,0,SUNDAY,Q
406,GATEWAY CTR TERMINAL / GATEWAY DR,165 ST TERM / MTA BUS STAND,53.0,Q8,47098,1250,1342,1135.0,1224.0,1405.0,1458.0,-73.87621999999998,40.652794,-73.79544,40.707226,0,SUNDAY,Q
407,W 32 ST / 7 AV,81 ST / NORTHERN BL,64.0,Q32,51370,1614,1722,1434.0,1548.0,1742.0,1846.0,-73.990135,40.749065,-73.8862,40.755074,0,SUNDAY,Q
408,TEARDROP / LAYOVER,WEST CIRCLE DR / PARKING STRUCTURE (ARR,31.0,Q5,51371,1751,1829,1658.0,1734.0,1848.0,1919.0,-73.802925,40.701317,-73.72139,40.66143,0,SUNDAY,Q
409,ST GEORGE FERRY / S40 & S90,FRANK W. GAY BL / 10 AV,34.0,S40,51372,1230,1304,1120.0,1154.0,1320.0,1354.0,-74.07392,40.643444,-74.18765,40.620968,0,SUNDAY,S
410,ST GEORGE FERRY / S40 & S90,FRANK W. GAY BL / 10 AV,34.0,S40,51373,1445,1519,1350.0,1424.0,1550.0,1624.0,-74.07392,40.643444,-74.18765,40.620968,0,SUNDAY,S
411,138 ST / 37 AV,SPRINGFIELD BL / 119 AV,55.0,Q27,51374,1757,1854,1641.0,1738.0,1919.0,2014.0,-73.82955,40.761806,-73.74521999999997,40.692406,0,SUNDAY,Q
412,AV U / E 54 ST,MARCUS GARVEY BL / BROADWAY,53.0,B47,51375,610,656,435.0,517.0,715.0,808.0,-73.92041,40.611008,-73.94147,40.69975,0,SUNDAY,B
413,CITY ISLAND AV / ROCHELLE ST,CO-OP CITY BL / Bartow Av,20.0,BX29,51376,658,717,600.0,618.0,800.0,820.0,-73.78325,40.83918,-73.82646,40.86882,0,SUNDAY,BX
414,W 238 ST / BROADWAY,BROADWAY / W 179 ST,34.0,BX3,51377,1059,1131,1007.0,1038.0,1153.0,1227.0,-73.90048,40.884968,-73.93689,40.84901,0,SUNDAY,BX
415,CADMAN PZ W / TILLARY ST,PALMETTO ST / WYCKOFF AV,48.0,B52,51378,1219,1302,1110.0,1158.0,1322.0,1410.0,-73.991005,40.695988,-73.911224,40.699295,0,SUNDAY,B
416,58 ST / 1 Av,NOSTRAND AVE / AVENUE H,52.0,B11,51379,1007,1058,850.0,938.0,1120.0,1212.0,-74.0232,40.64542,-73.94773,40.632008,0,SUNDAY,B
417,ST NICHOLAS AV / W 167 ST,RIVERDALE AV / W 263 ST,47.0,BX7,51380,1230,1318,1127.0,1214.0,1338.0,1425.0,-73.93944,40.84088,-73.902534,40.912376,0,SUNDAY,BX
418,JACKSON AV / 42 RD,RIKERS ISLAND RDY / RIKERS ISLAND,23.0,Q100,47111,1328,1354,1244.0,1307.0,1412.0,1435.0,-73.93904,40.74841,-73.88439,40.78742,0,SUNDAY,Q
419,ARCHER AV / SUTPHIN BL,HILLSIDE AV / 267 ST,39.0,Q43,51381,1054,1132,954.0,1033.0,1200.0,1239.0,-73.80781999999998,40.700504,-73.701454,40.738705,0,SUNDAY,Q
420,TREMONT AV / LANE AV,KATONAH AV / E 242 ST,43.0,BX31,51382,1520,1601,1410.0,1453.0,1630.0,1713.0,-73.84245,40.840862,-73.86813000000002,40.902584,0,SUNDAY,BX
421,POSTAL FACILITY RD / IN FRONT OF FACILITY,PUTNAM AV / FAIRVIEW AV,49.0,B20,51383,700,745,540.0,622.0,820.0,909.0,-73.86267,40.664593,-73.90208,40.70486,0,SUNDAY,B
422,SUNKEN GARDEN LOOP / CHARLES H GAY CTR,LEXINGTON AV / E 125 ST,12.0,M35,51384,1820,1833,1753.0,1805.0,1906.0,1918.0,-73.930824,40.785088,-73.93725,40.804764,0,SUNDAY,M
423,STILLWELL AV / MERMAID AV,SHORE RD / MACKAY PL,44.0,B64,51385,1307,1353,1145.0,1229.0,1445.0,1529.0,-73.98109000000002,40.577057,-74.03609,40.637074,0,SUNDAY,B
424,168 ST / AUDUBON AV,4 AV / E 9 ST,68.0,M2,51386,1238,1353,1108.0,1213.0,1420.0,1528.0,-73.93854499999998,40.840645,-73.990524,40.73028,0,SUNDAY,M
425,SANDS ST / PEARL ST,MC DONALD AV / CORTELYOU RD,41.0,B69,51387,1956,2032,1825.0,1909.0,2055.0,2136.0,-73.9876,40.69992,-73.97894000000002,40.63819,0,SUNDAY,B
426,TILLARY ST / CADMAN PLZ E,STARR ST / METROPOLITAN AV,53.0,B38,51388,1320,1409,1208.0,1258.0,1452.0,1545.0,-73.990166,40.696117,-73.91469000000002,40.71334,0,SUNDAY,B
427,JFK TERMINAL 5 / AIR TRAIN STATION,KEW GARDENS RD / 80 RD,37.0,Q10,51692,825,906,717.0,754.0,932.0,1009.0,-73.779884,40.647465,-73.83015,40.71355,0,SUNDAY,Q
428,138 ST / 37 AV,SPRINGFIELD BL / 119 AV,46.0,Q27,51694,2159,2253,2047.0,2139.0,2313.0,2359.0,-73.82955,40.761806,-73.74521999999997,40.692406,0,SUNDAY,Q
429,165 ST TERM / 165 ST TERM BAY 6,256 ST / JERICHO TPKE,29.0,Q36,51695,2120,2150,2020.0,2049.0,2225.0,2254.0,-73.79563,40.70771,-73.7087,40.727818,0,SUNDAY,Q
430,RICHMOND TER / PARK AV,4 AV / 86 ST,44.0,S53,51696,1100,1144,942.0,1024.0,1217.0,1301.0,-74.13062,40.64005,-74.028534,40.622646,0,SUNDAY,S
431,ST CLAIRE PL / W 125 ST,3 AV / E FORDHAM RD,60.0,BX15,51697,802,859,650.0,742.0,922.0,1022.0,-73.95978000000002,40.817062,-73.89027,40.860992,0,SUNDAY,BX
432,NEWPORT AV / BEACH 116 ST,AV H / FLATBUSH AV,29.0,Q35,51698,1145,1216,1050.0,1119.0,1240.0,1309.0,-73.8383,40.58134,-73.9467,40.631664,0,SUNDAY,Q
433,PARSONS BL / 88 AV,FRANCIS LEWIS BL / 148 AV,33.0,Q111,51699,2150,2227,2046.0,2125.0,2310.0,2343.0,-73.80235,40.706814,-73.72657,40.65505,0,SUNDAY,Q
434,SHORE RD / 3 AV,BROOKLYN BRIDGE PK RD / JORALEMON ST,67.0,B63,51700,820,922,647.0,738.0,950.0,1057.0,-74.03589000000002,40.612255,-74.00050999999998,40.69300000000001,0,SUNDAY,B
435,DITMARS BL / 102 ST,UNION TPK / CRESCENT APARTMENTS,52.0,Q23,51701,630,713,515.0,553.0,755.0,847.0,-73.86848,40.76872,-73.85412600000002,40.70710800000001,0,SUNDAY,Q
436,POPPENHUSEN AV / 119 ST,SUTPHIN BL / 94 AV,65.0,Q25,47148,845,951,720.0,820.0,1022.0,1127.0,-73.850685,40.791977,-73.8071,40.699177,0,SUNDAY,Q
437,ST JOHN S PL / RALPH AV,SMITH ST / LIVINGSTON ST,34.0,B65,51703,948,1024,859.0,933.0,1047.0,1121.0,-73.92385,40.670246,-73.98788499999998,40.69043,0,SUNDAY,B
438,E 41 ST / 1 AV,12 AV / W 42 ST,28.0,M42,51704,1454,1520,1407.0,1432.0,1535.0,1603.0,-73.969574,40.747864,-74.00097,40.762547,0,SUNDAY,M
439,ROOSEVELT AV / UNION ST,PEMBROKE AV / GLENWOOD ST,39.0,Q12,51705,1134,1208,1026.0,1105.0,1236.0,1315.0,-73.82773,40.7601,-73.73331,40.771767,0,SUNDAY,Q
440,62 DR / 108 ST,OTIS AV / CALLOWAY ST,47.0,Q38,51706,1640,1731,1520.0,1614.0,1800.0,1847.0,-73.85088,40.735798,-73.85625,40.736916,0,SUNDAY,Q
441,4 AV / 86 ST,MARSH AV / RING RD,60.0,SBS79,51707,1217,1312,1051.0,1147.0,1328.0,1428.0,-74.02834,40.622658,-74.16135,40.583763,0,SUNDAY,S
442,4 AV / 95 ST,ROCKAWAY AV / HEGEMAN AV,84.0,B8,51708,1052,1213,907.0,1027.0,1229.0,1353.0,-74.03114000000002,40.616104,-73.90739,40.656048,0,SUNDAY,B
443,NEWPORT AV / BEACH 116 ST,AV H / FLATBUSH AV,29.0,Q35,51709,1220,1251,1135.0,1204.0,1310.0,1339.0,-73.8383,40.58134,-73.9467,40.631664,0,SUNDAY,Q
444,COOPER AV / 81 ST,LGA / MARINE AIR TERMINAL (T,45.0,Q47,51710,1930,2015,1800.0,1846.0,2030.0,2115.0,-73.86907,40.709602,-73.88611999999998,40.773083,0,SUNDAY,Q
445,FORDHAM PLAZA / BUS TERMINAL,E 135 ST / ST ANN S AV,41.0,BX17,51702,1812,1855,1713.0,1755.0,1920.0,2001.0,-73.890884,40.860237,-73.91855,40.804848,0,SUNDAY,BX
446,MARCUS GARVEY BLVD / BROADWAY,AV U / E 54 ST,60.0,B47,51446,1245,1348,1125.0,1225.0,1415.0,1515.0,-73.94144,40.69957700000001,-73.92041,40.611008,0,SUNDAY,B
447,W 41 ST / 8 AV,AMSTERDAM AV / W 129 ST,48.0,M104,51447,2020,2105,1906.0,2001.0,2132.0,2220.0,-73.99011999999998,40.75655,-73.95504,40.814903,0,SUNDAY,M
448,W 238 ST / BROADWAY,BROADWAY / W 179 ST,34.0,BX3,51448,1931,2005,1835.0,1913.0,2031.0,2105.0,-73.90048,40.884968,-73.93689,40.84901,0,SUNDAY,BX
449,CROPSEY AV AV / BAY 37 ST,LIVONIA AV / ASHFORD ST,84.0,B6,51449,825,936,651.0,806.0,1000.0,1124.0,-73.99398000000002,40.59347,-73.883385,40.66642,0,SUNDAY,B
